Student_ID,Linguistic,Musical,Bodily,Logical_Mathematical,Spatial_Visualization,Interpersonal,Intrapersonal,Naturalist
S1,11,5,12,16,17,11,18,19
S2,12,6,12,16,16,11,18,19
S3,13,7,12,16,15,11,18,19
S4,14,8,12,16,19,11,18,19
S5,13,9,12,16,20,11,19,19
S6,12,8,12,16,17,11,19,19
S7,11,7,12,16,16,11,19,19
S8,14,6,12,16,15,11,19,19
S9,11,5,12,16,19,11,19,19
S10,12,5,13,16,20,12,19,19
S11,13,6,13,16,17,12,19,19
S12,14,7,13,16,16,12,19,19
S13,13,8,13,17,15,12,19,19
S14,12,9,13,17,19,12,19,19
S15,11,8,13,17,20,12,19,18
S16,14,7,13,17,15,12,19,18
S17,11,6,13,17,15,12,20,18
S18,12,5,13,18,16,12,20,18
S19,13,5,13,18,16,12,20,18
S20,14,6,14,18,17,13,20,18
S21,13,7,14,18,16,13,20,18
S22,12,8,14,18,15,13,16,18
S23,11,9,14,18,19,13,16,18
S24,14,8,14,18,20,13,16,18
S25,11,7,14,18,16,13,16,19
S26,12,6,14,19,16,13,16,20
S27,13,5,14,19,17,13,16,20
S28,14,5,14,19,17,13,16,20
S29,13,5,14,19,16,13,16,20
S30,12,6,14,19,15,13,16,20
S31,11,7,14,19,19,13,16,20
S32,14,8,14,19,20,13,16,20
S33,11,9,14,19,17,13,16,20
S34,12,8,14,19,17,13,16,20
S35,13,7,11,19,17,13,16,20
S36,14,6,11,19,16,13,16,20
S37,13,5,11,20,15,13,16,20
S38,12,8,11,20,19,12,16,20
S39,11,5,11,20,20,12,16,20
S40,14,6,11,20,17,12,16,20
S41,11,7,11,20,17,12,17,15
S42,12,8,11,20,18,12,17,15
S43,13,9,11,20,17,12,17,15
S44,14,8,11,20,16,12,17,15
S45,13,7,12,20,15,11,17,15
S46,12,6,12,20,19,11,17,15
S47,11,5,12,20,20,11,17,15
S48,14,9,12,20,18,11,17,15
S49,11,7,12,20,18,11,17,15
S50,12,9,12,20,18,11,17,15
S51,11,8,17,19,13,6,12,20
S52,12,5,16,19,14,7,12,20
S53,13,6,15,19,13,8,12,20
S54,14,7,19,19,12,9,12,20
S55,13,8,20,19,11,8,12,20
S56,12,9,17,19,14,5,12,20
S57,11,8,17,19,11,6,12,20
S58,14,5,18,19,12,7,12,20
S59,11,6,17,19,13,8,12,20
S60,12,7,17,19,13,9,12,20
S61,13,8,16,19,14,8,13,20
S62,14,9,15,15,13,5,13,20
S63,13,8,19,15,12,6,13,20
S64,12,5,20,15,11,7,13,20
S65,11,6,17,15,14,8,13,20
S66,14,7,17,15,11,9,13,20
S67,11,8,18,15,12,8,13,20
S68,12,9,17,15,13,5,13,18
S69,13,8,17,15,13,6,13,18
S70,14,5,16,15,14,7,13,18
S71,13,6,15,15,13,8,13,18
S72,12,7,19,18,12,9,13,18
S73,11,8,20,18,11,8,11,18
S74,14,9,17,18,14,5,11,18
S75,11,8,17,18,11,6,11,18
S76,12,5,18,18,12,7,11,18
S77,13,6,17,18,13,8,11,18
S78,14,7,17,18,13,9,11,18
S79,13,8,16,18,14,8,11,18
S80,12,9,15,18,13,5,11,18
S81,11,8,19,18,12,6,11,18
S82,14,5,20,18,11,7,11,18
S83,11,6,17,18,14,8,11,18
S84,12,7,17,18,11,9,11,17
S85,13,8,18,18,12,8,11,17
S86,14,9,17,18,13,5,11,17
S87,13,8,17,18,13,6,14,17
S88,12,5,16,18,14,7,14,17
S89,11,6,15,18,13,8,14,17
S90,14,7,19,19,12,9,14,17
S91,11,8,20,19,11,8,14,17
S92,12,9,17,19,14,5,14,17
S93,13,8,17,19,11,6,14,17
S94,14,5,18,19,12,7,14,17
S95,13,6,17,19,11,8,14,17
S96,12,7,16,19,12,9,14,17
S97,11,8,15,19,13,8,14,17
S98,14,9,19,19,14,5,14,17
S99,11,7,20,19,13,9,14,17
S100,12,6,17,19,12,7,14,17
S101,5,6,11,20,12,7,13,19
S102,6,5,12,20,12,9,13,19
S103,7,6,14,20,12,10,11,19
S104,8,7,12,20,12,9,12,19
S105,9,8,13,20,12,8,14,19
S106,10,9,11,20,12,7,12,19
S107,9,8,12,20,12,6,13,19
S108,8,5,14,20,12,6,11,19
S109,7,6,12,20,12,9,12,19
S110,6,7,13,20,12,10,14,19
S111,6,8,11,20,12,9,13,19
S112,7,9,12,20,12,8,11,19
S113,8,5,14,20,12,7,12,19
S114,9,6,12,20,12,6,14,19
S115,10,7,13,20,12,6,12,19
S116,9,8,11,20,12,9,13,19
S117,8,9,12,20,12,10,11,19
S118,7,8,14,20,12,9,12,19
S119,6,5,12,20,12,8,14,19
S120,6,6,13,19,12,7,13,19
S121,7,7,11,19,12,6,11,19
S122,8,8,12,19,12,6,12,19
S123,9,9,14,19,11,9,14,16
S124,10,5,12,19,11,10,12,16
S125,9,6,13,19,11,9,13,16
S126,8,7,11,19,11,8,11,16
S127,7,8,12,19,11,7,12,16
S128,6,9,14,19,11,6,14,16
S129,6,8,12,19,11,6,13,16
S130,7,5,13,19,11,9,11,16
S131,8,6,11,19,11,10,12,16
S132,9,7,12,19,11,9,14,16
S133,10,8,14,19,14,8,12,16
S134,9,9,12,18,14,7,13,16
S135,8,5,13,18,14,6,11,16
S136,7,6,11,18,14,6,12,18
S137,6,7,12,18,14,9,14,18
S138,6,8,14,18,14,10,13,18
S139,7,9,12,18,14,9,11,18
S140,8,8,13,18,14,8,12,18
S141,9,5,11,18,14,7,14,18
S142,10,6,12,18,14,6,12,18
S143,9,7,14,18,14,6,13,18
S144,8,8,12,18,12,9,11,18
S145,7,9,13,18,12,10,12,18
S146,6,5,12,18,12,9,14,18
S147,8,6,14,17,12,8,13,18
S148,7,7,12,17,12,7,11,18
S149,6,8,13,17,12,6,12,18
S150,9,9,11,17,12,6,14,18
S151,11,5,11,12,6,17,19,18
S152,12,5,14,14,9,20,19,18
S153,14,9,13,12,8,18,19,18
S154,13,8,11,13,7,19,19,18
S155,11,7,12,11,6,16,19,18
S156,12,6,14,12,8,15,19,18
S157,11,8,13,14,7,17,19,18
S158,11,7,11,12,6,20,19,18
S159,12,6,12,13,9,18,19,18
S160,14,9,11,11,6,19,19,18
S161,13,5,14,12,9,16,19,18
S162,11,5,13,14,8,15,19,18
S163,12,9,11,12,7,17,18,18
S164,11,8,12,13,6,20,18,18
S165,11,7,14,11,8,18,18,18
S166,12,6,13,12,7,19,18,18
S167,14,8,11,14,6,16,18,18
S168,13,7,12,12,9,15,18,17
S169,11,6,11,14,7,17,18,17
S170,12,9,11,12,9,20,18,17
S171,11,6,11,13,8,18,18,17
S172,11,9,14,11,7,19,18,17
S173,12,8,13,12,6,16,18,17
S174,14,7,11,14,8,15,18,17
S175,13,6,12,12,7,17,18,17
S176,11,8,14,13,6,20,18,17
S177,12,7,13,11,9,18,18,17
S178,11,6,11,12,7,19,18,17
S179,11,9,12,14,9,16,18,17
S180,12,7,11,12,8,15,18,17
S181,14,9,11,13,7,17,18,17
S182,13,8,14,11,6,20,18,17
S183,11,7,13,12,8,18,18,17
S184,12,6,11,14,7,19,18,17
S185,11,8,12,12,6,16,18,17
S186,11,7,14,14,9,15,18,17
S187,12,6,13,12,9,17,18,17
S188,14,9,11,13,9,20,17,17
S189,13,7,12,11,8,18,17,17
S190,11,7,14,12,7,19,17,19
S191,12,7,14,14,6,16,17,19
S192,11,9,11,12,8,15,17,19
S193,11,8,14,13,7,17,17,19
S194,12,7,13,11,9,20,17,19
S195,14,6,11,12,8,18,17,19
S196,13,8,12,14,7,19,17,19
S197,11,7,14,12,6,16,17,19
S198,12,6,13,13,8,15,17,19
S199,11,9,11,11,7,18,17,19
S200,13,10,12,12,6,15,17,19
S201,11,5,17,10,6,12,17,20
S202,12,5,20,10,6,12,17,18
S203,13,6,18,10,6,12,17,20
S204,14,6,19,10,6,12,17,15
S205,13,7,16,10,6,12,17,20
S206,12,7,15,10,6,12,17,16
S207,11,8,17,10,6,12,17,19
S208,11,8,20,10,6,12,17,18
S209,12,9,18,10,6,12,17,20
S210,13,9,19,10,6,12,17,19
S211,14,5,16,10,6,12,17,18
S212,13,5,15,10,6,12,17,17
S213,12,6,17,10,6,11,17,20
S214,11,6,20,10,6,11,17,18
S215,11,7,18,8,6,11,17,20
S216,12,7,19,8,6,11,17,15
S217,13,8,16,8,6,11,17,20
S218,14,8,15,8,5,11,17,16
S219,13,9,17,8,5,11,17,19
S220,12,9,20,8,5,11,19,18
S221,11,7,18,8,5,11,19,20
S222,11,5,19,8,5,11,19,19
S223,12,5,16,8,5,11,19,18
S224,13,6,15,6,5,11,19,17
S225,14,6,17,6,5,11,19,18
S226,13,7,20,6,5,11,19,20
S227,12,7,18,6,5,11,19,15
S228,11,8,19,6,5,13,19,20
S229,14,8,16,6,5,13,19,16
S230,12,9,15,6,5,13,19,19
S231,13,9,17,6,5,13,19,18
S232,14,8,20,6,5,13,19,20
S233,13,5,18,6,5,13,19,19
S234,12,5,19,6,5,13,19,18
S235,11,6,16,6,5,13,19,17
S236,11,6,15,6,8,13,19,18
S237,12,7,17,6,8,13,19,20
S238,13,7,17,6,8,13,19,15
S239,14,8,20,6,8,13,19,20
S240,13,8,18,6,8,13,18,16
S241,12,9,19,6,8,13,18,19
S242,11,5,16,7,8,14,18,18
S243,11,5,15,7,8,14,18,20
S244,12,6,17,7,8,14,18,19
S245,13,6,20,7,8,14,18,18
S246,14,7,18,7,8,14,18,17
S247,13,7,19,7,8,14,18,16
S248,12,8,16,7,8,14,18,15
S249,11,8,15,7,8,14,18,17
S250,14,9,18,7,8,14,18,18
S251,13,20,5,16,5,17,12,7
S252,12,17,6,16,6,17,12,5
S253,11,17,7,16,7,17,12,6
S254,11,18,8,16,8,17,12,7
S255,12,17,9,16,9,17,12,8
S256,13,17,10,16,6,17,12,9
S257,13,16,5,16,5,17,12,5
S258,12,15,5,16,6,17,12,6
S259,11,19,5,16,7,17,12,7
S260,11,20,6,16,8,17,12,8
S261,12,17,7,16,9,17,12,9
S262,13,17,8,17,5,18,13,8
S263,13,18,9,17,6,18,14,8
S264,12,17,7,17,7,18,11,8
S265,11,16,8,17,8,18,12,8
S266,11,20,9,17,9,18,13,8
S267,12,17,10,17,5,18,11,8
S268,13,17,9,17,6,18,12,8
S269,13,18,8,17,7,18,13,8
S270,12,17,5,17,8,18,12,8
S271,11,17,6,17,9,18,14,8
S272,11,16,7,17,5,18,13,8
S273,12,15,5,18,6,19,11,6
S274,13,19,6,18,7,19,14,6
S275,13,20,7,18,8,19,14,6
S276,12,17,8,18,9,19,14,6
S277,11,17,9,18,5,19,14,6
S278,11,18,10,18,6,19,14,6
S279,12,17,5,18,7,19,14,6
S280,13,20,6,18,8,19,14,6
S281,13,17,7,18,9,19,12,6
S282,12,17,8,18,8,19,14,6
S283,11,18,9,18,5,19,13,6
S284,11,17,10,18,6,19,11,5
S285,12,17,7,19,7,20,12,6
S286,13,16,8,19,8,20,12,7
S287,13,15,9,19,9,20,12,8
S288,12,19,10,18,8,20,12,9
S289,11,20,5,17,9,20,14,5
S290,11,17,6,17,5,20,13,6
S291,12,17,7,16,6,20,11,7
S292,13,18,8,15,7,20,12,8
S293,14,17,9,19,8,20,14,9
S294,13,17,10,20,9,20,13,7
S295,11,17,10,17,8,19,11,8
S296,12,17,10,17,9,15,12,9
S297,14,18,10,18,10,16,14,10
S298,13,20,10,17,5,17,13,8
S299,11,17,10,15,6,18,11,9
S300,11,18,10,17,7,19,13,10
S301,17,14,6,16,9,16,11,11
S302,16,11,6,17,9,15,12,12
S303,15,12,6,18,9,19,13,13
S304,19,13,6,19,9,20,14,14
S305,20,14,6,20,9,17,11,11
S306,17,11,6,15,9,16,12,12
S307,17,12,6,16,9,15,13,13
S308,16,13,6,17,9,19,14,14
S309,15,12,6,18,9,20,11,11
S310,19,14,6,19,9,17,12,12
S311,20,11,6,20,9,16,13,13
S312,17,12,6,15,9,15,14,14
S313,17,13,6,16,9,19,11,11
S314,16,14,6,17,9,20,12,12
S315,15,11,6,18,9,17,13,13
S316,19,12,6,19,9,16,14,14
S317,20,13,6,20,9,15,11,11
S318,17,12,6,15,9,19,12,12
S319,16,14,6,16,9,20,13,13
S320,17,11,6,17,9,16,14,14
S321,16,12,6,18,9,15,11,11
S322,15,13,6,19,9,19,12,12
S323,19,14,6,20,9,20,13,13
S324,20,11,6,15,9,17,14,14
S325,17,12,6,16,9,17,11,11
S326,17,13,7,17,9,17,12,12
S327,17,12,8,18,9,17,13,13
S328,16,14,9,19,9,17,14,14
S329,15,11,10,20,9,17,11,13
S330,19,12,8,20,9,20,12,11
S331,20,13,8,20,5,20,12,11
S332,17,14,8,20,6,20,12,11
S333,17,11,8,20,7,20,12,11
S334,16,12,8,20,8,20,12,11
S335,15,13,8,20,9,20,12,11
S336,19,12,8,20,10,20,12,11
S337,20,14,5,20,9,20,12,11
S338,17,11,6,20,9,20,12,11
S339,18,12,7,20,9,20,12,11
S340,17,13,8,20,9,20,12,11
S341,16,14,9,20,9,20,12,11
S342,15,11,10,20,9,20,12,11
S343,19,12,8,20,5,20,12,11
S344,20,13,8,20,6,20,12,11
S345,17,12,8,20,7,20,12,11
S346,17,14,8,20,8,20,12,11
S347,16,11,8,20,9,20,12,11
S348,15,12,8,20,10,20,12,11
S349,19,13,7,20,9,20,12,11
S350,20,14,6,20,9,20,12,11
S351,11,20,5,15,7,12,13,18
S352,12,15,6,16,5,13,13,19
S353,13,15,8,17,6,14,13,20
S354,14,17,9,18,8,12,13,17
S355,12,19,10,19,9,13,13,18
S356,13,20,9,16,10,14,13,18
S357,11,15,8,15,9,12,13,19
S358,12,15,7,16,8,13,13,20
S359,13,15,5,17,7,14,13,17
S360,14,15,6,18,5,12,13,18
S361,12,15,5,19,6,13,13,18
S362,13,15,6,20,5,12,13,19
S363,11,15,8,16,6,13,13,20
S364,12,16,9,16,8,14,13,17
S365,13,17,10,16,9,12,13,18
S366,14,18,9,16,10,13,13,18
S367,12,19,8,16,9,12,13,19
S368,13,20,7,16,8,13,13,20
S369,11,15,5,15,7,14,13,17
S370,12,15,6,16,5,12,13,18
S371,13,15,5,17,6,13,13,18
S372,14,15,6,18,5,12,13,19
S373,12,15,8,19,6,13,13,20
S374,13,15,9,18,8,14,13,17
S375,11,16,10,19,9,12,13,18
S376,12,18,9,20,10,13,14,18
S377,13,19,8,15,9,12,14,19
S378,14,20,7,16,8,13,14,20
S379,12,15,5,17,7,14,14,17
S380,13,16,6,18,5,12,14,18
S381,14,17,10,19,6,13,14,18
S382,12,18,5,20,10,11,14,19
S383,13,19,6,17,9,12,14,20
S384,14,20,7,18,8,13,14,17
S385,12,17,8,19,7,14,14,18
S386,13,18,9,20,6,12,14,18
S387,14,18,10,15,5,13,14,19
S388,12,19,5,18,10,11,14,20
S389,13,20,6,19,9,12,14,17
S390,14,15,7,20,8,13,14,18
S391,12,16,8,15,7,14,14,18
S392,13,17,9,16,6,12,14,19
S393,14,18,10,17,5,13,14,20
S394,12,19,5,18,10,11,14,17
S395,13,20,6,19,9,12,14,18
S396,14,17,7,20,8,13,14,18
S397,12,18,8,17,7,14,14,19
S398,13,19,9,18,6,12,14,20
S399,14,20,10,19,5,13,14,17
S400,12,15,8,20,5,11,14,18
S401,15,20,11,5,8,19,13,12
S402,16,17,12,6,9,19,14,13
S403,17,18,13,7,10,19,11,14
S404,18,19,14,8,5,19,12,11
S405,19,20,14,9,6,19,13,12
S406,20,20,13,10,8,19,14,13
S407,15,17,12,5,9,19,11,14
S408,15,18,11,6,10,19,12,11
S409,17,19,11,7,5,19,13,12
S410,18,20,12,8,6,19,14,13
S411,19,19,13,9,8,19,11,14
S412,20,20,14,10,9,19,12,11
S413,15,20,14,5,10,19,13,12
S414,16,20,13,6,5,19,14,13
S415,17,17,12,7,6,19,11,14
S416,18,18,11,8,8,19,12,11
S417,19,19,11,9,9,19,13,12
S418,20,20,12,10,10,19,14,13
S419,17,17,13,5,5,19,11,14
S420,18,18,14,6,6,19,12,11
S421,19,19,14,7,8,19,13,12
S422,20,20,13,8,9,19,14,13
S423,15,17,12,9,10,19,11,14
S424,15,18,11,10,5,19,12,11
S425,16,19,11,5,6,19,13,12
S426,17,20,12,6,8,17,14,13
S427,17,17,13,7,9,18,11,14
S428,18,18,14,8,10,19,12,11
S429,19,19,14,9,5,20,13,12
S430,20,20,13,10,6,19,14,13
S431,19,20,12,5,8,17,11,14
S432,20,20,11,6,9,18,12,11
S433,17,20,11,7,10,19,13,12
S434,18,17,12,8,5,20,14,13
S435,19,18,13,9,6,19,11,14
S436,20,19,14,10,8,17,12,11
S437,19,20,14,5,9,18,13,12
S438,20,19,13,6,10,19,14,13
S439,17,17,12,7,5,20,11,14
S440,18,18,11,8,6,19,12,11
S441,19,19,11,9,8,17,13,12
S442,20,20,12,5,9,18,14,13
S443,19,19,13,6,10,19,11,14
S444,20,17,14,7,5,20,12,11
S445,17,18,14,8,6,19,13,12
S446,18,19,13,9,8,17,14,13
S447,19,19,12,10,9,18,11,14
S448,20,20,11,6,10,19,12,11
S449,17,16,13,7,5,20,11,12
S450,15,18,14,8,6,16,13,14
S451,11,18,11,19,5,18,20,5
S452,13,19,13,17,6,19,18,6
S453,12,20,12,18,7,20,19,7
S454,14,19,14,19,8,17,20,8
S455,11,17,11,20,9,18,17,9
S456,13,18,13,19,10,18,18,10
S457,11,19,12,17,5,19,18,5
S458,13,20,14,18,6,20,19,6
S459,12,19,11,19,7,17,20,7
S460,14,17,13,20,8,18,17,8
S461,11,18,12,19,9,18,18,9
S462,13,19,14,17,10,19,18,10
S463,11,18,11,18,5,20,19,5
S464,13,19,13,19,6,17,20,6
S465,12,20,12,17,7,18,17,7
S466,14,19,14,18,8,18,18,8
S467,11,17,11,19,9,19,18,9
S468,13,18,13,20,10,20,19,10
S469,11,19,12,19,5,17,20,5
S470,13,20,14,17,6,19,17,6
S471,12,19,11,18,7,17,18,7
S472,14,17,13,19,8,16,18,8
S473,11,18,12,20,9,19,19,9
S474,13,19,14,19,10,17,20,10
S475,11,18,11,17,5,16,17,5
S476,13,19,13,18,6,19,18,6
S477,12,20,12,19,7,17,18,7
S478,14,19,14,17,8,16,19,8
S479,11,17,11,18,9,18,20,9
S480,13,18,13,19,10,19,17,10
S481,11,19,12,20,5,17,18,5
S482,13,20,14,19,6,16,18,6
S483,12,19,11,17,7,19,19,7
S484,14,17,13,18,8,17,20,8
S485,11,18,12,19,9,16,17,9
S486,13,19,14,20,10,18,18,10
S487,11,18,11,19,5,18,19,5
S488,13,19,13,17,6,18,19,6
S489,12,20,12,18,7,19,19,7
S490,14,19,14,19,8,20,19,8
S491,11,17,11,17,9,17,19,9
S492,13,18,13,18,5,18,19,5
S493,11,19,12,19,6,18,19,6
S494,13,20,14,20,7,19,19,7
S495,12,19,11,19,8,20,19,8
S496,14,17,13,17,9,17,17,9
S497,11,18,12,18,10,19,16,10
S498,13,19,14,19,6,17,19,6
S499,14,15,13,20,7,16,17,7
S500,11,17,14,19,8,18,16,8
S501,12,5,12,18,7,19,13,5
S502,13,6,13,16,7,17,13,5
S503,14,7,14,17,7,16,13,6
S504,11,8,11,18,7,17,13,6
S505,14,9,14,19,7,19,13,5
S506,12,10,12,20,8,17,13,5
S507,13,5,13,15,7,16,13,6
S508,12,6,14,16,7,19,13,6
S509,13,7,14,17,9,17,13,5
S510,14,8,11,18,7,16,13,5
S511,11,9,14,19,7,17,13,6
S512,14,10,12,20,7,19,13,6
S513,12,5,13,15,5,17,13,5
S514,13,6,12,16,6,19,13,5
S515,12,7,14,17,7,17,13,6
S516,13,8,11,18,8,16,13,6
S517,14,9,14,19,7,17,13,5
S518,11,10,12,20,7,19,13,5
S519,14,5,13,15,9,17,13,6
S520,12,6,12,16,7,19,13,6
S521,13,7,14,17,7,17,13,5
S522,12,8,11,18,10,16,13,5
S523,13,9,14,19,7,17,13,6
S524,14,10,12,20,7,19,13,6
S525,11,5,13,15,8,17,13,5
S526,14,6,12,16,7,19,12,5
S527,12,7,14,17,7,17,12,6
S528,13,8,11,18,9,16,12,6
S529,12,9,14,19,7,17,12,5
S530,13,10,12,20,8,19,12,5
S531,14,5,13,15,7,17,12,6
S532,11,6,12,16,7,19,12,6
S533,14,7,14,17,9,17,12,5
S534,12,8,11,18,7,16,12,5
S535,13,9,14,19,7,17,12,6
S536,12,10,12,20,7,19,12,6
S537,13,5,13,15,8,17,12,5
S538,14,6,12,16,7,19,12,5
S539,11,7,14,17,7,17,12,6
S540,14,8,11,18,9,16,12,6
S541,12,9,14,19,7,17,12,5
S542,13,5,12,20,7,19,12,5
S543,12,6,13,15,8,17,12,6
S544,13,7,12,16,7,19,12,6
S545,14,8,14,17,7,17,12,5
S546,11,9,11,18,9,16,12,5
S547,14,10,14,19,7,17,12,6
S548,12,6,12,20,7,19,12,6
S549,13,7,13,19,6,17,12,7
S550,14,8,12,20,5,18,12,7
S551,15,7,12,15,6,11,20,6
S552,16,6,13,16,5,11,15,6
S553,17,5,14,17,7,11,16,5
S554,18,7,11,18,6,11,17,5
S555,19,6,14,19,6,11,18,6
S556,20,5,12,20,5,11,19,6
S557,15,8,13,15,7,11,20,5
S558,16,7,12,16,6,11,15,5
S559,17,6,13,17,6,11,16,6
S560,18,5,14,18,5,11,17,6
S561,19,8,11,19,7,11,18,5
S562,20,7,14,20,6,11,19,6
S563,15,6,12,15,6,11,20,6
S564,16,5,13,16,5,12,15,5
S565,17,8,12,17,7,12,16,5
S566,18,7,13,18,6,12,17,6
S567,19,6,14,19,6,12,18,6
S568,20,5,11,20,5,12,19,5
S569,15,8,14,15,7,12,20,5
S570,16,7,12,16,6,12,15,6
S571,17,6,13,17,6,12,16,6
S572,18,5,12,18,5,12,17,5
S573,19,8,13,19,7,12,18,6
S574,20,7,14,20,6,12,19,6
S575,15,6,11,16,6,12,20,5
S576,16,5,14,15,5,12,15,5
S577,17,8,12,16,7,13,16,6
S578,18,7,13,17,6,13,17,6
S579,19,8,12,18,6,13,18,5
S580,20,9,13,19,5,13,19,5
S581,15,10,14,20,7,13,20,6
S582,16,5,11,15,6,13,15,6
S583,17,6,14,16,6,13,16,5
S584,18,7,12,17,5,13,17,6
S585,19,8,13,18,7,13,18,6
S586,20,9,12,19,6,13,19,5
S587,15,10,13,20,6,13,20,5
S588,16,5,14,15,5,13,15,6
S589,17,6,11,16,7,14,16,6
S590,18,7,14,17,6,14,17,5
S591,19,8,12,18,6,14,18,5
S592,20,9,13,19,5,14,19,6
S593,15,10,12,20,7,14,20,6
S594,16,5,13,15,6,14,15,5
S595,17,6,14,16,6,14,16,7
S596,18,7,11,17,5,14,17,7
S597,19,8,14,18,7,14,18,6
S598,20,9,12,19,6,14,19,5
S599,16,10,13,20,7,14,20,7
S600,17,8,14,17,9,14,16,7
S601,19,8,8,15,5,13,11,10
S602,20,5,9,16,6,13,12,5
S603,18,6,10,17,7,13,13,6
S604,17,5,5,18,8,13,14,7
S605,15,6,6,19,9,13,14,8
S606,20,5,7,20,5,13,13,9
S607,19,6,8,15,6,13,12,10
S608,18,5,9,16,7,13,12,5
S609,17,6,10,17,8,13,11,6
S610,19,5,8,18,9,13,11,7
S611,20,6,9,19,5,13,12,8
S612,18,5,10,20,6,13,13,9
S613,17,6,5,15,7,13,14,10
S614,15,5,6,16,8,12,14,5
S615,20,6,7,17,9,12,13,6
S616,19,5,8,18,5,12,12,7
S617,18,6,9,19,6,12,12,8
S618,17,5,10,20,7,12,11,9
S619,19,6,8,15,8,12,11,10
S620,20,5,9,16,9,12,12,5
S621,18,6,10,17,5,12,13,6
S622,17,5,5,18,6,12,14,7
S623,15,6,6,19,7,12,14,8
S624,20,5,7,20,8,12,13,9
S625,19,6,8,15,9,12,12,10
S626,18,5,9,16,5,12,12,5
S627,17,6,10,17,6,12,11,6
S628,16,5,8,18,7,11,11,7
S629,15,6,9,19,8,11,12,8
S630,19,5,10,20,9,11,13,9
S631,18,6,5,15,5,11,14,10
S632,17,5,6,16,6,11,14,5
S633,16,6,7,17,7,11,13,6
S634,15,5,8,18,8,11,12,7
S635,19,6,9,19,9,11,12,8
S636,18,5,10,20,5,11,11,9
S637,17,6,8,15,6,11,11,10
S638,16,5,9,16,7,11,12,5
S639,15,6,10,17,8,11,13,6
S640,19,5,5,18,9,13,14,7
S641,18,6,6,19,5,13,14,8
S642,17,5,7,20,6,13,13,9
S643,16,6,8,15,7,13,12,10
S644,15,5,9,16,8,13,12,5
S645,19,6,10,17,9,13,11,6
S646,18,5,6,18,5,13,11,7
S647,17,6,7,19,6,13,11,8
S648,16,5,8,20,7,13,11,9
S649,15,6,9,16,8,13,11,8
S650,19,7,10,17,9,13,11,9
S651,13,5,9,15,9,15,6,14
S652,12,6,9,15,9,16,6,14
S653,12,7,9,16,9,17,6,14
S654,12,8,9,16,9,20,6,14
S655,12,9,9,17,9,15,6,14
S656,12,10,9,17,9,17,6,14
S657,12,5,9,18,9,16,6,14
S658,12,6,9,18,9,15,6,14
S659,12,7,9,19,9,16,6,14
S660,12,8,9,19,9,17,9,14
S661,12,9,8,20,9,20,8,14
S662,12,10,8,20,9,15,8,14
S663,12,5,8,15,9,17,8,14
S664,12,6,8,15,9,16,8,14
S665,12,7,8,16,9,15,8,14
S666,11,8,6,16,9,16,6,14
S667,11,9,6,17,9,17,6,14
S668,11,10,6,17,8,20,6,14
S669,11,5,6,18,8,15,6,14
S670,11,6,6,18,8,17,6,14
S671,11,7,6,19,8,16,6,14
S672,11,8,6,19,8,15,6,14
S673,11,9,6,20,8,16,6,14
S674,11,10,5,20,8,17,5,14
S675,11,5,5,15,8,20,5,14
S676,11,6,5,15,8,15,5,14
S677,11,7,5,16,8,17,9,14
S678,13,8,5,16,8,16,8,14
S679,13,9,5,17,8,16,8,14
S680,13,10,10,17,8,15,8,14
S681,13,5,10,18,8,16,8,14
S682,13,6,10,18,8,17,8,14
S683,13,7,10,19,8,20,6,14
S684,13,8,10,19,8,15,6,14
S685,13,9,10,20,8,17,6,14
S686,13,10,10,20,8,16,6,14
S687,13,5,10,15,8,16,6,14
S688,13,6,5,15,8,15,6,14
S689,11,7,5,16,8,16,6,14
S690,12,8,6,16,8,17,6,14
S691,13,9,6,17,8,20,5,14
S692,14,10,7,17,7,15,5,14
S693,14,5,7,18,7,16,5,14
S694,13,6,5,18,7,15,6,14
S695,12,7,5,19,7,16,7,14
S696,11,8,6,19,7,17,5,14
S697,14,9,6,20,7,20,5,14
S698,13,10,7,20,7,15,5,14
S699,12,10,7,15,7,17,6,14
S700,11,9,6,16,7,16,7,14
S701,14,13,5,15,7,16,16,8
S702,12,12,6,15,5,20,15,9
S703,11,11,7,15,6,19,16,10
S704,13,11,8,15,7,15,17,5
S705,12,13,9,15,5,17,20,6
S706,11,13,10,15,5,16,16,7
S707,11,12,5,15,6,20,15,8
S708,13,11,6,15,7,19,16,9
S709,12,11,7,15,5,15,17,10
S710,14,13,8,15,5,17,20,5
S711,14,13,9,15,6,16,16,6
S712,12,12,10,15,7,20,15,7
S713,11,11,5,15,5,19,16,8
S714,13,11,6,15,5,15,17,9
S715,12,13,7,16,6,17,20,10
S716,11,13,8,16,7,16,16,5
S717,11,12,9,17,5,20,15,6
S718,13,11,10,17,5,19,16,7
S719,12,11,5,18,6,15,17,8
S720,14,13,6,18,7,17,16,9
S721,14,13,7,15,5,16,15,10
S722,12,12,8,15,5,20,16,5
S723,11,11,9,16,6,19,17,6
S724,13,11,10,16,7,15,20,7
S725,12,13,5,17,5,17,16,8
S726,11,13,6,17,5,16,15,9
S727,11,12,7,18,6,20,16,10
S728,13,11,8,18,7,19,17,5
S729,12,11,9,15,5,15,20,6
S730,14,13,10,15,5,17,16,7
S731,14,13,5,16,6,16,15,8
S732,12,12,6,16,7,20,16,9
S733,11,11,7,17,5,19,17,10
S734,13,11,8,17,5,15,20,5
S735,12,13,9,18,6,17,16,6
S736,11,13,10,18,7,16,15,7
S737,11,12,5,15,5,20,16,8
S738,13,11,6,15,5,19,17,9
S739,12,11,7,16,6,15,20,10
S740,14,13,8,16,7,17,16,5
S741,14,13,9,17,5,16,15,6
S742,12,12,10,17,5,20,16,7
S743,11,11,5,18,6,19,17,8
S744,13,11,6,18,7,15,20,9
S745,12,13,7,16,5,17,16,10
S746,11,13,8,17,5,16,15,5
S747,11,12,9,17,6,20,16,6
S748,13,11,10,18,7,19,17,7
S749,12,11,5,18,5,15,20,10
S750,14,13,7,19,7,17,17,8
S751,11,5,16,20,12,13,17,6
S752,12,5,20,19,11,13,17,5
S753,13,6,19,15,11,13,17,6
S754,14,5,15,17,13,13,17,6
S755,13,5,17,16,13,13,17,7
S756,12,5,16,20,12,13,17,8
S757,11,6,20,19,12,13,17,6
S758,11,5,19,15,11,13,17,9
S759,12,7,15,17,11,13,17,6
S760,13,9,17,16,13,13,17,10
S761,14,10,16,20,13,13,17,6
S762,13,5,20,19,12,13,17,6
S763,12,6,19,15,12,13,17,6
S764,11,5,15,17,11,13,17,6
S765,11,7,17,16,11,13,17,6
S766,12,9,16,20,13,13,17,6
S767,13,10,20,19,13,13,17,6
S768,14,5,19,15,12,13,17,6
S769,13,5,15,17,12,13,17,6
S770,12,6,17,16,11,13,17,6
S771,11,5,16,20,11,14,17,10
S772,11,7,20,19,13,14,17,10
S773,12,9,19,15,13,14,17,10
S774,13,10,15,17,12,14,16,10
S775,14,7,17,16,12,14,16,10
S776,13,7,16,20,11,14,16,10
S777,12,6,20,19,11,14,16,10
S778,11,5,19,15,13,14,16,10
S779,13,7,15,17,13,14,16,10
S780,11,9,17,16,12,14,16,10
S781,12,10,16,20,12,14,16,10
S782,13,7,20,19,11,14,16,10
S783,14,6,19,15,11,14,16,10
S784,13,5,15,17,13,14,16,10
S785,12,7,17,16,13,14,16,10
S786,11,9,16,20,12,14,16,10
S787,13,10,20,19,12,12,16,10
S788,11,9,19,15,11,12,16,10
S789,12,6,15,17,11,12,16,10
S790,13,5,17,16,13,12,16,8
S791,14,7,16,20,13,12,16,8
S792,13,9,20,19,12,12,16,8
S793,12,10,19,15,12,12,18,8
S794,11,7,15,17,11,12,18,8
S795,12,9,17,16,11,12,18,8
S796,13,10,16,20,13,12,18,8
S797,14,9,20,19,13,12,18,8
S798,13,9,19,15,12,12,18,8
S799,12,7,15,17,11,12,18,8
S800,11,7,17,16,11,12,18,8
S801,11,5,6,18,19,12,18,7
S802,12,5,6,17,19,12,19,0
S803,13,5,6,15,19,12,17,8
S804,14,5,6,19,19,12,15,8
S805,13,5,6,20,19,12,20,8
S806,12,5,6,18,19,12,20,8
S807,11,5,6,19,19,12,20,8
S808,11,6,5,17,19,12,20,8
S809,12,6,5,15,19,12,18,8
S810,13,6,5,18,19,12,19,8
S811,14,6,5,17,19,12,17,8
S812,13,6,5,15,19,12,15,8
S813,12,6,5,19,19,12,20,8
S814,11,6,5,20,19,12,20,8
S815,11,7,8,18,19,12,20,8
S816,12,7,8,19,19,12,20,8
S817,13,7,8,17,19,13,20,8
S818,14,7,8,15,19,14,20,8
S819,13,7,8,18,19,11,20,8
S820,12,7,8,17,19,12,18,8
S821,11,7,8,15,19,13,19,8
S822,11,7,8,19,19,14,17,7
S823,12,5,7,20,19,11,15,7
S824,13,6,7,18,19,12,20,7
S825,14,7,7,19,19,13,20,7
S826,13,8,7,17,20,14,20,7
S827,12,9,7,15,20,11,18,6
S828,11,10,7,18,20,12,19,7
S829,11,5,7,17,20,13,17,8
S830,12,6,7,15,20,14,15,9
S831,13,7,7,19,20,11,20,10
S832,14,8,7,20,20,12,20,5
S833,13,9,7,18,20,13,20,7
S834,12,10,8,19,20,14,20,7
S835,11,5,8,17,20,11,20,7
S836,11,6,8,15,20,12,20,7
S837,12,7,8,18,20,13,20,7
S838,13,8,8,17,20,14,18,7
S839,14,9,8,15,20,11,19,7
S840,13,10,8,19,20,12,17,7
S841,12,5,8,20,20,13,15,6
S842,11,6,9,18,20,14,20,7
S843,11,7,9,19,20,11,20,8
S844,12,8,9,17,16,12,20,9
S845,13,9,9,15,16,13,20,10
S846,14,10,9,16,16,14,20,5
S847,11,7,9,18,16,11,20,7
S848,12,8,9,19,16,13,20,9
S849,13,9,5,17,16,14,20,9
S850,14,10,7,15,16,11,20,9
S851,20,5,14,19,7,17,16,5
S852,19,5,14,19,7,17,16,5
S853,18,5,13,19,7,17,16,5
S854,17,5,13,19,7,17,16,6
S855,16,5,11,19,7,17,16,7
S856,15,5,12,19,7,17,16,8
S857,20,5,14,19,7,17,16,9
S858,19,5,14,19,7,17,16,10
S859,18,5,13,19,7,17,16,5
S860,17,5,13,19,6,17,16,5
S861,16,5,11,19,7,17,16,5
S862,15,5,12,19,8,17,16,5
S863,20,5,14,19,9,17,16,6
S864,19,5,14,19,10,17,16,7
S865,18,5,13,19,5,17,16,8
S866,17,5,13,19,7,17,16,9
S867,16,5,11,19,8,16,16,10
S868,15,5,12,19,8,16,16,5
S869,20,5,14,19,8,16,16,7
S870,19,5,14,19,8,16,16,7
S871,18,5,13,19,8,16,16,7
S872,17,6,13,19,8,16,16,7
S873,16,6,11,19,8,16,16,7
S874,15,6,12,19,6,16,16,7
S875,20,6,14,19,7,16,16,7
S876,19,6,14,19,8,16,16,7
S877,18,6,13,19,9,16,16,7
S878,17,6,13,19,10,16,16,7
S879,16,6,11,19,5,16,16,7
S880,15,6,12,19,8,16,16,7
S881,20,6,14,19,8,16,16,7
S882,19,6,14,19,8,16,16,8
S883,18,6,13,19,8,15,16,8
S884,17,6,13,19,6,15,16,8
S885,16,6,11,19,7,15,16,8
S886,15,6,12,19,8,15,16,8
S887,20,6,14,19,9,15,16,8
S888,19,6,14,19,10,15,16,8
S889,18,7,13,19,5,15,16,8
S890,17,8,13,19,9,15,16,8
S891,16,9,11,19,9,15,16,8
S892,15,10,12,19,9,15,16,8
S893,20,5,14,19,9,15,16,8
S894,19,6,14,19,9,15,16,8
S895,18,7,13,19,9,19,16,6
S896,17,7,13,19,9,19,16,7
S897,16,7,11,19,9,19,16,8
S898,15,7,12,19,9,19,16,9
S899,16,7,12,19,9,19,16,10
S900,17,7,12,19,9,19,16,5
S901,11,6,16,11,7,20,12,20
S902,14,7,15,11,6,19,12,19
S903,13,8,20,11,7,20,12,18
S904,11,9,19,12,8,19,12,17
S905,12,10,18,12,9,20,12,16
S906,13,6,17,13,10,19,12,15
S907,14,7,16,13,5,20,12,16
S908,12,8,15,11,7,19,12,17
S909,12,9,20,11,7,20,12,18
S910,11,10,19,11,7,19,12,19
S911,14,6,18,12,7,20,12,20
S912,13,7,17,12,7,19,12,20
S913,11,8,16,13,7,20,12,19
S914,12,9,15,13,7,19,12,18
S915,13,10,20,11,6,20,12,17
S916,14,6,19,11,6,19,12,16
S917,12,7,18,11,6,20,12,15
S918,12,8,17,12,7,19,12,16
S919,11,9,16,12,8,20,12,17
S920,14,10,15,13,9,19,12,18
S921,13,6,20,13,10,20,12,19
S922,11,7,19,11,5,19,13,20
S923,12,8,18,11,6,20,13,20
S924,13,9,17,11,6,19,13,19
S925,14,10,16,12,6,20,13,18
S926,12,6,15,12,5,19,13,17
S927,12,7,20,13,5,20,13,16
S928,11,8,19,13,5,19,13,15
S929,14,9,18,11,5,20,13,16
S930,13,10,17,11,5,19,13,17
S931,11,6,16,11,5,20,13,18
S932,12,7,15,12,5,19,13,19
S933,13,8,20,12,5,20,13,20
S934,14,9,19,13,5,19,13,20
S935,12,10,18,13,5,20,13,19
S936,12,6,17,11,5,19,14,18
S937,11,7,16,11,5,20,14,17
S938,14,8,15,11,5,19,14,16
S939,13,9,20,12,5,20,14,15
S940,11,10,19,12,5,19,14,16
S941,12,6,18,13,5,20,14,17
S942,13,7,17,13,5,19,14,18
S943,14,8,16,11,6,20,14,19
S944,12,9,15,11,7,19,14,20
S945,12,10,20,11,8,20,14,15
S946,11,6,19,12,9,19,14,16
S947,12,7,18,12,10,20,14,17
S948,13,8,17,13,5,19,14,18
S949,14,9,19,13,9,16,14,19
S950,12,10,15,14,9,17,14,16
S951,12,6,18,20,5,20,11,11
S952,13,7,18,19,6,19,12,12
S953,14,8,18,18,7,20,13,13
S954,11,9,18,17,8,19,14,14
S955,12,10,18,16,9,20,12,11
S956,13,5,18,15,5,19,11,12
S957,14,7,18,20,6,20,12,13
S958,11,8,18,19,7,19,13,14
S959,12,9,18,18,8,20,14,11
S960,13,10,18,17,9,19,11,12
S961,14,5,18,16,5,20,12,13
S962,11,5,18,15,6,19,13,14
S963,12,5,18,20,7,20,14,11
S964,13,5,18,19,8,19,12,12
S965,14,5,18,18,9,20,11,13
S966,11,6,18,17,5,19,12,14
S967,12,7,18,16,6,20,13,11
S968,13,8,18,15,7,19,14,12
S969,14,9,18,20,8,20,11,13
S970,11,10,18,19,9,19,12,14
S971,12,5,18,18,5,20,13,11
S972,13,5,17,17,6,19,14,12
S973,14,5,17,16,7,20,12,13
S974,11,5,17,15,8,19,11,14
S975,12,5,17,20,9,20,12,11
S976,13,5,17,19,5,19,13,12
S977,14,6,17,18,6,20,14,13
S978,11,7,17,17,7,19,11,14
S979,12,8,17,16,8,20,12,11
S980,13,9,17,15,9,19,13,12
S981,14,10,17,20,5,20,14,13
S982,11,5,17,19,6,19,12,14
S983,12,5,17,18,7,20,11,11
S984,13,5,17,17,8,19,12,12
S985,14,5,17,16,9,20,13,13
S986,11,5,17,15,5,19,14,14
S987,12,5,17,20,6,20,11,11
S988,13,5,17,19,7,19,12,12
S989,14,5,16,18,8,20,13,13
S990,11,5,16,17,9,19,14,14
S991,12,5,16,16,5,20,12,11
S992,13,5,16,15,6,19,11,12
S993,14,5,16,20,7,20,12,13
S994,11,6,16,19,8,19,13,14
S995,12,7,16,18,9,20,14,11
S996,13,8,16,17,5,19,12,12
S997,14,9,16,16,6,20,11,13
S998,11,10,16,15,7,19,12,14
S999,13,5,16,17,8,16,13,12
S1000,14,5,16,18,9,17,14,13
S1001,12,18,11,19,5,11,19,7
S1002,13,19,11,19,6,11,18,6
S1003,11,18,11,18,7,11,17,7
S1004,14,17,11,17,8,11,16,8
S1005,11,16,11,16,9,11,15,9
S1006,13,19,11,19,5,11,19,10
S1007,14,18,11,18,6,11,18,5
S1008,13,17,11,17,7,11,17,7
S1009,12,16,11,16,8,11,16,6
S1010,13,19,11,19,9,11,15,7
S1011,11,18,11,18,5,12,19,8
S1012,14,17,11,17,6,13,18,9
S1013,11,16,11,16,7,11,17,10
S1014,13,19,11,19,8,14,16,5
S1015,14,18,11,19,9,11,15,7
S1016,13,17,11,18,5,13,19,7
S1017,12,16,11,17,6,14,18,7
S1018,13,19,11,16,7,13,17,7
S1019,11,18,11,19,8,12,16,8
S1020,14,17,11,18,9,13,15,6
S1021,11,16,11,17,5,12,19,7
S1022,13,19,11,16,6,12,18,8
S1023,14,18,14,19,7,12,17,9
S1024,13,17,14,19,8,12,16,10
S1025,12,16,14,18,9,12,15,5
S1026,13,19,14,17,5,12,19,8
S1027,11,18,14,16,6,12,18,8
S1028,14,17,14,20,7,12,17,8
S1029,11,16,14,19,8,12,16,8
S1030,13,19,14,18,9,12,15,8
S1031,14,18,14,17,5,12,19,6
S1032,13,17,14,16,6,12,18,7
S1033,12,16,14,20,7,12,17,8
S1034,13,19,14,19,8,12,16,9
S1035,11,18,14,18,9,12,15,10
S1036,14,17,14,17,5,13,19,5
S1037,11,16,14,16,6,13,18,9
S1038,13,19,14,20,7,13,17,9
S1039,14,18,14,19,8,13,16,9
S1040,13,17,14,18,9,13,15,9
S1041,12,16,13,17,5,13,19,9
S1042,13,19,13,16,6,13,18,9
S1043,11,18,13,18,7,13,17,6
S1044,14,17,13,19,8,13,16,7
S1045,11,16,13,18,9,14,15,8
S1046,13,19,13,17,5,14,19,9
S1047,14,18,13,19,6,14,18,10
S1048,13,17,13,18,7,14,17,5
S1049,12,16,13,17,8,14,16,10
S1050,13,18,13,16,9,14,15,10
S1051,12,5,8,17,18,13,6,7
S1052,13,5,9,17,18,12,7,6
S1053,11,5,10,17,18,13,5,7
S1054,14,6,5,17,18,11,8,8
S1055,14,8,8,17,18,12,9,9
S1056,12,9,8,17,18,13,6,10
S1057,13,10,7,17,18,11,7,5
S1058,11,5,7,17,18,12,5,7
S1059,14,5,7,17,18,13,8,7
S1060,12,6,8,17,18,11,9,7
S1061,12,8,8,17,18,14,6,7
S1062,13,9,8,17,18,13,7,7
S1063,11,10,6,17,18,13,5,8
S1064,14,5,7,17,18,13,8,8
S1065,12,5,7,17,18,12,9,6
S1066,12,6,7,17,18,13,6,7
S1067,12,6,8,17,18,11,7,8
S1068,12,6,8,18,18,14,5,9
S1069,13,5,8,18,18,11,8,10
S1070,11,5,9,18,18,11,9,5
S1071,14,5,10,18,18,12,6,8
S1072,13,8,5,18,18,13,7,8
S1073,13,9,8,18,18,11,5,8
S1074,13,10,8,18,18,14,8,6
S1075,12,5,8,18,19,11,9,7
S1076,13,7,9,18,19,11,6,8
S1077,11,8,10,18,19,11,7,9
S1078,14,9,5,18,19,11,5,10
S1079,13,10,8,18,19,12,8,5
S1080,13,5,8,16,19,13,9,9
S1081,13,5,8,16,19,11,6,6
S1082,13,5,7,16,19,14,7,7
S1083,12,6,7,16,19,13,5,8
S1084,13,7,7,16,19,13,8,9
S1085,11,8,8,16,19,13,9,10
S1086,14,9,8,16,19,13,6,5
S1087,13,10,8,16,19,12,7,7
S1088,14,5,7,16,19,13,5,8
S1089,14,5,7,16,19,11,8,9
S1090,14,6,7,16,19,14,9,10
S1091,12,7,8,16,20,13,6,5
S1092,13,8,8,16,20,13,7,9
S1093,11,9,8,15,20,13,5,10
S1094,14,10,9,15,20,13,8,10
S1095,14,5,10,15,20,12,9,6
S1096,14,8,5,15,20,13,6,7
S1097,12,9,8,15,20,12,7,8
S1098,13,10,9,15,20,13,5,9
S1099,11,5,10,15,20,11,8,10
S1100,14,5,5,15,20,14,9,5
S1101,11,9,11,16,5,20,18,7
S1102,12,9,12,16,6,19,18,7
S1103,12,6,13,16,7,18,18,6
S1104,11,6,14,16,7,17,18,7
S1105,14,6,14,15,8,16,18,8
S1106,13,6,13,15,8,15,18,9
S1107,11,6,12,15,5,19,18,10
S1108,12,6,11,15,6,18,18,5
S1109,12,6,11,15,7,17,18,7
S1110,11,6,12,17,7,16,18,7
S1111,14,6,13,17,8,15,18,7
S1112,13,6,14,17,8,19,18,7
S1113,11,6,14,17,5,18,19,8
S1114,12,6,13,17,6,17,19,8
S1115,12,6,12,17,7,16,19,8
S1116,11,6,11,20,7,15,19,6
S1117,14,6,11,20,8,19,19,7
S1118,13,6,12,20,8,18,19,8
S1119,11,6,13,20,5,17,19,9
S1120,12,6,14,20,6,16,19,10
S1121,12,6,14,17,7,15,19,5
S1122,11,6,13,17,7,19,19,8
S1123,14,6,12,17,8,18,19,8
S1124,13,6,11,17,8,17,19,8
S1125,11,8,11,17,5,16,19,8
S1126,12,9,12,17,6,15,19,8
S1127,12,10,13,17,7,19,19,8
S1128,11,5,14,17,7,18,19,6
S1129,14,8,14,18,8,17,17,7
S1130,13,9,13,18,8,16,17,8
S1131,11,10,12,18,5,15,17,9
S1132,12,5,11,18,6,19,17,10
S1133,12,8,11,18,7,18,17,5
S1134,11,9,12,18,7,17,17,9
S1135,14,10,13,15,8,16,17,9
S1136,13,5,14,15,5,15,17,9
S1137,11,5,14,15,6,19,17,9
S1138,12,8,13,15,7,18,17,9
S1139,12,9,12,15,7,17,17,9
S1140,11,10,11,15,8,16,17,9
S1141,14,5,11,15,8,15,17,6
S1142,13,5,12,19,5,19,17,7
S1143,11,5,13,19,6,18,17,8
S1144,12,6,14,19,7,17,17,9
S1145,12,7,14,19,7,16,17,10
S1146,11,8,13,19,8,15,16,5
S1147,14,9,12,19,8,19,16,10
S1148,13,10,11,19,9,18,16,10
S1149,12,5,13,19,9,17,16,10
S1150,13,8,12,19,9,16,16,10
S1151,11,6,12,15,18,17,18,5
S1152,12,7,12,16,18,18,17,6
S1153,12,8,13,17,18,17,16,7
S1154,11,9,13,18,18,16,15,8
S1155,14,10,13,19,18,15,18,8
S1156,13,5,14,20,18,15,17,9
S1157,11,7,14,20,18,18,16,7
S1158,12,7,14,19,18,17,15,5
S1159,12,6,12,18,18,16,18,5
S1160,11,7,12,17,18,15,17,6
S1161,14,8,13,16,18,15,16,7
S1162,13,9,13,15,18,18,15,8
S1163,11,10,13,15,17,17,18,8
S1164,12,5,14,16,16,16,17,9
S1165,12,7,14,17,15,15,16,7
S1166,11,7,14,18,15,15,15,5
S1167,14,7,12,19,18,18,18,5
S1168,13,6,12,20,17,17,17,6
S1169,11,7,13,20,16,16,16,7
S1170,12,6,13,19,15,15,15,8
S1171,12,7,13,18,15,15,18,8
S1172,11,8,14,17,18,18,17,9
S1173,14,9,14,16,17,17,16,7
S1174,13,10,14,15,16,16,15,5
S1175,11,5,12,15,15,15,18,5
S1176,12,7,12,16,15,15,17,6
S1177,12,7,13,17,18,18,16,7
S1178,11,7,13,18,17,17,15,8
S1179,14,7,13,19,16,16,18,8
S1180,13,6,14,20,15,15,17,9
S1181,11,7,14,20,15,15,16,7
S1182,12,8,14,19,18,18,15,5
S1183,12,9,12,18,17,17,18,5
S1184,11,10,12,17,16,16,17,6
S1185,14,5,13,16,15,15,16,7
S1186,13,7,13,15,15,15,15,8
S1187,11,7,13,15,18,18,18,8
S1188,12,7,14,16,17,17,17,9
S1189,12,7,14,17,16,16,16,7
S1190,11,7,14,18,15,15,15,5
S1191,14,7,12,19,15,15,18,5
S1192,13,6,12,20,15,18,17,6
S1193,11,7,13,20,18,17,16,7
S1194,12,8,13,19,17,16,15,8
S1195,12,9,13,18,16,15,18,8
S1196,11,10,14,17,15,18,17,9
S1197,14,5,14,16,15,17,16,7
S1198,13,7,14,15,16,16,15,5
S1199,12,7,13,20,16,15,19,9
S1200,13,7,14,19,16,15,18,9
S1201,12,5,11,19,6,20,17,5
S1202,12,5,12,19,6,19,17,5
S1203,13,6,12,19,6,18,17,5
S1204,13,6,11,19,6,17,17,6
S1205,13,7,14,19,6,16,17,6
S1206,14,7,13,19,6,15,17,6
S1207,14,8,11,19,6,19,17,5
S1208,14,8,12,19,6,18,17,5
S1209,12,9,12,19,6,17,17,5
S1210,12,9,11,19,7,16,17,6
S1211,13,10,14,19,8,15,17,6
S1212,13,10,13,19,9,19,17,6
S1213,13,5,11,19,10,18,17,5
S1214,14,5,12,19,5,17,17,5
S1215,14,6,12,19,8,16,17,5
S1216,14,6,11,19,9,15,17,6
S1217,12,7,14,19,10,19,17,6
S1218,12,7,13,19,5,18,17,6
S1219,13,8,11,19,5,17,17,5
S1220,13,8,12,19,5,16,17,5
S1221,13,9,12,19,5,15,17,5
S1222,14,9,11,19,6,19,17,6
S1223,14,10,14,19,7,18,17,6
S1224,14,10,13,19,8,17,17,6
S1225,12,5,11,19,9,16,18,5
S1226,12,5,12,19,10,15,18,5
S1227,13,6,12,19,5,19,18,5
S1228,13,6,11,19,7,18,18,6
S1229,13,7,14,19,7,17,18,6
S1230,14,7,13,19,7,16,18,6
S1231,14,8,11,19,7,15,18,5
S1232,14,8,12,19,6,19,18,5
S1233,12,9,12,19,7,18,18,5
S1234,12,9,11,19,8,17,18,6
S1235,13,10,14,19,9,16,18,6
S1236,13,10,13,19,10,15,18,6
S1237,13,5,12,19,5,19,18,5
S1238,14,5,13,19,8,18,18,5
S1239,14,6,12,19,8,17,15,5
S1240,14,6,12,19,8,16,16,6
S1241,12,7,12,19,8,15,18,6
S1242,12,7,12,19,8,19,19,6
S1243,13,8,12,19,6,18,16,5
S1244,13,8,12,19,7,17,20,5
S1245,13,9,12,19,8,16,19,5
S1246,14,9,12,19,9,15,17,6
S1247,14,10,12,19,10,19,15,6
S1248,14,10,12,19,5,18,16,6
S1249,13,7,12,19,8,17,20,5
S1250,14,7,12,19,8,16,17,5
S1251,11,5,20,6,12,19,18,7
S1252,11,5,20,7,12,19,18,7
S1253,11,5,20,8,12,19,18,7
S1254,11,5,20,9,12,19,18,7
S1255,11,6,20,10,12,19,18,7
S1256,11,7,20,5,12,19,18,7
S1257,11,8,20,6,12,19,18,7
S1258,11,9,20,6,12,19,18,7
S1259,11,10,20,6,12,19,18,7
S1260,11,5,20,6,12,19,18,7
S1261,11,5,20,6,12,19,18,7
S1262,11,5,20,6,12,19,18,7
S1263,11,5,20,7,12,19,18,7
S1264,11,6,20,8,12,19,18,7
S1265,11,7,20,9,14,19,18,7
S1266,11,8,20,10,14,19,18,7
S1267,11,9,20,5,14,19,18,7
S1268,12,10,20,8,14,18,17,7
S1269,12,5,20,8,14,18,17,8
S1270,12,6,20,6,14,18,17,9
S1271,12,6,19,7,14,18,17,10
S1272,12,6,19,8,14,18,17,5
S1273,12,7,19,9,14,18,17,8
S1274,12,8,19,10,14,18,17,8
S1275,12,9,19,5,13,16,19,7
S1276,12,10,19,7,13,16,19,8
S1277,12,5,19,7,13,16,19,9
S1278,12,6,19,7,13,16,19,10
S1279,11,5,20,6,12,19,18,5
S1280,11,5,20,6,12,19,18,8
S1281,11,6,20,8,12,19,18,7
S1282,11,7,20,8,12,18,18,7
S1283,11,8,20,8,12,16,18,7
S1284,11,9,20,8,14,16,18,8
S1285,11,10,20,8,14,16,18,9
S1286,11,5,20,8,14,16,18,10
S1287,12,6,20,8,14,19,17,5
S1288,12,6,20,8,14,18,17,8
S1289,12,6,20,8,14,18,17,8
S1290,12,6,19,8,14,18,17,8
S1291,12,7,19,8,14,18,17,8
S1292,12,8,19,8,14,18,17,8
S1293,12,9,19,8,14,16,17,7
S1294,14,10,15,9,12,16,18,8
S1295,14,7,15,9,12,16,18,9
S1296,14,8,15,9,12,16,18,10
S1297,14,9,15,9,12,19,18,5
S1298,12,10,15,9,12,19,18,8
S1299,14,5,15,9,12,19,18,9
S1300,14,8,15,9,12,19,18,9
S1301,19,18,12,13,5,20,11,6
S1302,16,17,12,14,5,20,11,6
S1303,15,16,12,12,5,20,11,6
S1304,19,15,12,11,5,20,11,6
S1305,20,16,12,14,5,20,11,6
S1306,16,17,12,12,5,20,11,6
S1307,15,18,12,13,5,20,11,6
S1308,19,19,12,13,5,20,11,6
S1309,19,18,12,14,5,20,11,6
S1310,16,18,12,12,5,20,11,6
S1311,15,17,12,11,5,20,11,6
S1312,19,16,12,14,5,20,11,6
S1313,20,15,12,12,5,20,11,6
S1314,16,16,12,13,5,20,11,6
S1315,15,17,12,13,5,20,11,6
S1316,19,18,12,14,5,20,11,6
S1317,19,19,12,12,5,20,11,6
S1318,16,18,12,11,5,20,11,6
S1319,15,18,11,14,6,19,12,7
S1320,19,17,11,12,6,19,12,7
S1321,20,16,11,13,6,19,12,7
S1322,16,15,11,13,6,19,12,7
S1323,15,16,11,14,6,19,12,7
S1324,19,17,11,12,6,19,12,7
S1325,19,18,11,11,6,19,12,7
S1326,16,19,11,14,6,19,12,7
S1327,15,16,11,12,6,19,12,7
S1328,19,18,11,13,6,19,12,7
S1329,20,17,12,13,8,20,13,6
S1330,16,16,12,14,8,20,13,6
S1331,15,15,12,12,8,20,13,6
S1332,19,16,12,11,8,20,13,6
S1333,19,17,12,14,8,20,13,6
S1334,16,18,12,12,8,20,13,6
S1335,15,19,12,13,8,20,13,6
S1336,19,17,12,13,8,20,13,6
S1337,20,18,12,14,8,20,13,6
S1338,16,17,12,12,8,20,13,6
S1339,15,16,12,11,8,20,13,6
S1340,19,15,12,14,8,20,13,6
S1341,19,16,12,12,8,20,13,6
S1342,16,17,12,13,8,20,13,6
S1343,15,18,12,13,8,20,13,6
S1344,19,17,12,14,8,20,13,6
S1345,20,16,12,12,8,20,13,6
S1346,16,15,12,11,8,20,13,6
S1347,15,16,12,14,8,20,13,6
S1348,19,17,12,12,8,20,13,6
S1349,18,18,12,13,8,20,13,6
S1350,16,19,12,14,8,20,13,6
S1351,19,5,11,15,6,18,11,6
S1352,18,5,14,20,6,18,11,6
S1353,17,5,13,18,6,18,11,5
S1354,16,5,12,17,5,18,11,5
S1355,15,5,11,20,5,18,11,7
S1356,20,5,14,20,5,18,11,7
S1357,19,5,13,15,5,18,11,6
S1358,18,5,12,20,6,18,11,6
S1359,17,5,11,18,6,18,11,5
S1360,16,5,14,17,6,18,11,5
S1361,15,5,13,20,6,18,11,7
S1362,19,6,12,15,6,18,11,7
S1363,18,6,11,20,6,18,11,6
S1364,17,6,14,18,6,18,11,6
S1365,16,6,13,17,6,18,11,5
S1366,15,6,12,20,6,18,11,5
S1367,20,5,11,20,6,18,11,7
S1368,19,5,14,20,6,18,11,8
S1369,18,5,13,15,6,18,11,9
S1370,17,5,12,20,6,18,11,7
S1371,16,5,11,18,6,18,11,10
S1372,15,5,14,17,5,18,11,7
S1373,19,5,13,20,5,18,11,7
S1374,18,5,12,20,5,18,11,8
S1375,17,5,11,20,5,18,11,9
S1376,16,5,14,15,5,18,11,7
S1377,15,5,13,20,6,18,11,10
S1378,20,5,12,18,6,18,11,7
S1379,19,5,11,17,6,18,11,7
S1380,18,5,14,20,6,18,11,8
S1381,17,5,13,20,7,18,11,9
S1382,16,5,12,20,7,18,11,7
S1383,15,5,11,15,7,18,11,10
S1384,19,5,14,20,7,18,11,7
S1385,18,5,13,18,7,18,11,7
S1386,17,5,12,17,7,18,11,7
S1387,16,7,11,16,7,17,11,8
S1388,15,7,14,16,7,17,11,9
S1389,20,7,13,16,7,17,11,7
S1390,19,7,12,16,7,17,12,10
S1391,18,7,11,15,7,17,12,7
S1392,17,7,14,20,7,17,12,8
S1393,16,7,13,18,7,17,12,9
S1394,15,6,12,17,7,17,12,7
S1395,15,6,11,16,7,17,12,10
S1396,17,5,14,15,7,17,12,7
S1397,18,5,13,20,7,17,12,8
S1398,19,7,12,18,7,17,12,8
S1399,20,7,13,17,7,17,12,8
S1400,15,7,12,16,7,17,12,8
S1401,11,6,14,17,6,19,17,12
S1402,12,6,14,17,6,16,16,12
S1403,13,6,14,17,6,15,17,12
S1404,14,6,14,17,6,17,19,12
S1405,13,5,14,17,5,18,17,12
S1406,12,5,14,15,5,19,16,12
S1407,11,6,14,16,6,19,17,12
S1408,11,6,14,18,6,16,19,12
S1409,12,6,14,19,6,15,17,12
S1410,13,6,14,20,5,17,17,13
S1411,14,6,14,17,5,18,16,13
S1412,13,5,14,15,6,19,17,13
S1413,12,5,14,16,6,19,19,13
S1414,11,5,14,18,5,16,16,13
S1415,13,5,14,19,5,15,17,13
S1416,13,5,14,20,5,17,19,13
S1417,11,5,14,17,5,18,17,13
S1418,12,5,14,15,5,18,16,13
S1419,13,5,14,16,5,18,17,13
S1420,14,6,14,18,5,19,19,14
S1421,13,6,14,19,5,16,16,14
S1422,12,5,14,20,5,15,17,14
S1423,11,5,14,17,5,17,19,14
S1424,14,5,14,17,5,18,17,14
S1425,11,8,14,17,5,16,17,14
S1426,12,7,14,15,8,16,16,14
S1427,13,9,14,16,5,19,17,14
S1428,14,8,14,18,8,16,19,14
S1429,13,8,14,19,7,15,17,14
S1430,12,8,14,20,9,17,20,14
S1431,11,8,14,20,8,18,16,14
S1432,14,8,14,20,8,19,17,14
S1433,11,8,12,20,8,19,19,14
S1434,12,8,12,15,8,19,20,14
S1435,13,8,12,16,8,16,20,11
S1436,14,8,12,18,5,15,16,11
S1437,13,8,12,19,8,17,17,11
S1438,12,5,12,20,7,18,19,11
S1439,11,8,12,20,9,18,20,11
S1440,11,7,12,15,8,19,16,11
S1441,11,9,12,16,8,16,17,11
S1442,12,7,12,18,7,15,19,11
S1443,13,7,12,19,7,17,20,11
S1444,14,7,12,20,7,18,16,11
S1445,13,7,12,20,7,19,17,12
S1446,12,7,12,15,7,19,19,12
S1447,11,7,12,16,7,16,16,12
S1448,12,7,12,18,7,15,17,12
S1449,13,7,12,19,7,17,19,12
S1450,14,7,12,20,7,18,20,12
S1451,12,11,19,5,7,19,18,13
S1452,11,11,17,6,7,19,16,12
S1453,13,11,18,8,7,19,17,14
S1454,14,11,16,7,7,19,19,12
S1455,11,11,15,10,7,19,20,11
S1456,12,11,20,8,7,19,19,13
S1457,13,11,19,6,5,19,18,12
S1458,12,11,18,5,6,19,17,14
S1459,11,11,19,6,8,19,18,12
S1460,13,11,19,8,7,19,15,11
S1461,14,11,17,7,10,19,18,13
S1462,11,11,18,10,8,19,16,12
S1463,12,11,16,8,6,19,17,14
S1464,13,11,15,6,7,19,19,12
S1465,12,11,20,5,7,19,20,11
S1466,12,11,19,6,5,19,19,13
S1467,11,11,18,8,6,19,18,13
S1468,13,11,19,7,8,15,17,12
S1469,14,11,17,10,7,15,18,14
S1470,11,11,18,8,10,15,15,12
S1471,12,11,16,6,8,15,18,11
S1472,13,11,15,5,6,15,18,13
S1473,12,11,20,6,7,15,16,12
S1474,11,11,19,8,7,15,17,14
S1475,13,11,18,7,7,15,19,12
S1476,14,11,20,10,7,15,20,11
S1477,11,11,19,8,5,15,19,13
S1478,12,11,18,6,6,15,18,12
S1479,13,11,17,5,8,15,17,14
S1480,12,11,16,6,7,15,18,12
S1481,11,14,16,8,10,15,15,11
S1482,13,14,19,7,8,15,18,13
S1483,14,14,17,10,6,17,16,13
S1484,11,14,16,8,7,17,17,13
S1485,12,14,15,6,7,17,19,12
S1486,13,14,20,5,7,17,20,14
S1487,13,14,19,6,7,17,19,12
S1488,13,14,18,8,5,17,18,11
S1489,13,14,17,7,6,17,17,13
S1490,13,14,16,10,8,17,18,13
S1491,11,14,17,8,7,17,16,12
S1492,11,14,19,6,10,17,17,14
S1493,11,14,17,5,8,17,19,12
S1494,11,14,16,6,6,17,20,11
S1495,11,14,15,8,9,17,19,13
S1496,11,14,20,7,9,17,18,13
S1497,11,14,19,10,9,17,17,12
S1498,11,14,18,8,9,17,18,14
S1499,11,14,17,6,9,17,15,12
S1500,11,14,16,8,9,17,16,11
S1501,5,20,18,5,11,2,11,14
S1502,6,19,18,6,11,2,11,12
S1503,7,18,18,7,12,2,12,11
S1504,8,17,18,8,12,2,12,12
S1505,9,16,18,9,13,2,13,12
S1506,10,15,18,10,12,2,12,13
S1507,10,20,18,10,12,17,12,14
S1508,9,19,18,9,13,17,13,12
S1509,8,18,18,8,13,17,13,12
S1510,7,17,18,7,14,17,14,13
S1511,6,16,18,6,14,17,14,13
S1512,5,15,18,5,11,17,11,11
S1513,5,20,18,10,12,17,12,11
S1514,6,19,18,10,13,17,13,12
S1515,7,18,17,10,14,17,14,12
S1516,8,17,17,10,12,17,12,13
S1517,9,16,17,10,11,17,11,12
S1518,10,15,17,10,12,17,12,12
S1519,10,20,17,10,12,17,12,13
S1520,9,19,17,9,13,17,13,13
S1521,8,18,17,9,14,17,14,14
S1522,7,17,17,9,12,17,12,14
S1523,6,16,17,9,11,17,11,14
S1524,5,15,17,9,11,17,11,12
S1525,5,20,17,9,12,17,12,11
S1526,6,19,17,9,12,17,12,12
S1527,7,18,17,9,13,17,13,12
S1528,8,17,17,9,12,17,12,13
S1529,9,16,16,9,12,17,12,14
S1530,10,15,16,6,13,17,13,12
S1531,10,20,16,6,13,17,13,11
S1532,9,19,16,6,14,17,14,13
S1533,8,18,16,6,14,17,14,12
S1534,7,17,16,6,14,17,14,12
S1535,6,16,16,6,12,16,12,11
S1536,5,15,16,6,11,16,11,12
S1537,5,20,16,6,12,16,12,12
S1538,6,19,16,6,13,16,13,13
S1539,7,18,16,6,14,16,14,12
S1540,8,17,16,5,12,16,12,12
S1541,9,16,16,5,11,16,11,13
S1542,10,15,16,5,12,16,12,13
S1543,10,20,16,5,12,16,12,14
S1544,9,19,16,5,13,16,13,14
S1545,8,18,15,5,11,16,11,11
S1546,7,17,15,8,12,16,12,13
S1547,6,16,15,8,12,16,12,12
S1548,5,15,15,8,12,16,12,11
S1549,7,16,15,8,13,16,13,14
S1550,6,17,15,8,13,16,13,12
S1551,5,7,20,18,11,14,5,12
S1552,6,7,18,18,11,14,6,12
S1553,7,7,17,18,12,14,7,12
S1554,8,7,18,18,12,14,5,12
S1555,9,7,19,18,13,14,6,12
S1556,10,7,16,18,12,14,7,12
S1557,10,7,17,18,12,14,5,12
S1558,9,7,18,18,13,14,6,12
S1559,8,7,19,18,13,14,7,12
S1560,7,7,20,18,14,14,5,12
S1561,6,7,18,18,14,14,6,12
S1562,5,7,17,18,11,14,7,12
S1563,7,5,18,18,12,14,5,13
S1564,7,6,19,18,13,14,6,13
S1565,6,7,16,17,14,14,7,13
S1566,7,8,17,17,12,14,8,13
S1567,8,9,18,17,11,13,9,13
S1568,7,10,19,17,12,13,10,13
S1569,9,10,20,17,12,13,8,13
S1570,7,9,18,17,13,13,9,13
S1571,5,8,17,17,14,13,10,13
S1572,7,7,18,17,12,13,8,14
S1573,8,6,19,17,11,13,9,14
S1574,7,5,16,17,11,13,10,14
S1575,5,8,17,17,12,13,8,14
S1576,6,8,18,17,12,13,9,14
S1577,7,8,19,17,13,13,10,14
S1578,8,8,20,17,12,13,8,14
S1579,9,8,18,17,12,13,9,14
S1580,10,8,17,17,13,13,10,14
S1581,10,8,18,16,13,13,5,14
S1582,9,8,19,16,14,13,7,14
S1583,8,8,16,16,14,12,6,14
S1584,7,8,17,16,14,12,8,14
S1585,6,8,18,16,12,12,5,11
S1586,5,8,19,16,11,12,7,11
S1587,8,5,20,16,12,12,6,11
S1588,10,6,18,16,13,12,8,11
S1589,8,7,17,16,14,12,5,11
S1590,10,8,18,16,12,12,7,11
S1591,9,9,19,16,11,12,6,11
S1592,10,10,16,16,12,12,8,11
S1593,7,10,17,15,12,12,5,11
S1594,6,9,18,15,13,11,7,11
S1595,5,8,19,15,11,11,6,13
S1596,10,7,19,15,12,11,8,13
S1597,8,6,19,15,12,11,5,13
S1598,10,5,17,15,12,11,7,13
S1599,5,9,17,15,13,11,6,13
S1600,6,7,17,15,13,11,8,13
S1601,20,14,16,5,5,17,15,12
S1602,19,13,17,6,5,17,15,13
S1603,18,12,15,7,6,18,15,11
S1604,17,11,18,8,6,18,15,14
S1605,16,14,20,9,7,19,15,12
S1606,15,13,17,5,7,19,15,13
S1607,20,12,16,6,8,20,15,11
S1608,19,11,17,7,8,20,15,14
S1609,18,14,15,8,5,16,15,12
S1610,17,13,18,9,5,15,15,13
S1611,20,12,20,5,6,16,15,11
S1612,19,11,19,6,6,17,15,14
S1613,18,14,17,7,7,17,16,12
S1614,17,13,17,8,7,17,16,13
S1615,16,12,16,9,8,18,16,11
S1616,15,11,17,5,5,18,16,14
S1617,20,13,15,6,5,19,16,12
S1618,19,14,18,7,6,19,16,13
S1619,18,13,20,8,6,20,16,11
S1620,17,12,19,9,7,20,16,14
S1621,20,11,17,5,7,16,16,12
S1622,19,14,18,6,8,15,16,13
S1623,18,13,16,7,5,16,16,11
S1624,17,12,17,8,5,17,17,14
S1625,16,11,15,9,6,17,17,12
S1626,15,14,18,5,6,17,17,13
S1627,20,13,20,6,7,18,17,11
S1628,19,12,19,7,7,18,17,14
S1629,18,11,17,8,8,19,17,12
S1630,17,14,18,9,5,19,17,13
S1631,20,13,18,5,5,20,17,11
S1632,19,12,16,6,6,20,17,14
S1633,18,11,17,7,6,16,17,12
S1634,17,14,15,8,7,15,19,13
S1635,16,13,18,9,7,16,19,11
S1636,15,12,20,5,8,17,19,14
S1637,20,11,19,6,5,17,19,12
S1638,19,14,17,7,5,17,19,13
S1639,18,13,16,8,6,18,19,11
S1640,17,12,17,9,6,18,19,14
S1641,20,11,15,5,7,19,19,12
S1642,19,14,18,6,7,19,19,13
S1643,18,13,20,7,8,20,19,11
S1644,17,12,19,8,5,20,19,14
S1645,16,11,17,9,5,16,19,12
S1646,15,14,16,5,6,15,20,13
S1647,20,13,17,6,6,16,20,11
S1648,19,12,15,7,7,17,20,14
S1649,18,11,18,8,7,15,20,12
S1650,19,12,20,6,5,17,20,11
S1651,5,6,18,12,6,8,13,19
S1652,6,7,17,13,5,8,12,18
S1653,7,8,16,11,6,8,12,19
S1654,5,9,15,14,5,8,12,18
S1655,6,6,20,12,6,8,12,18
S1656,7,7,17,13,5,8,12,19
S1657,5,8,18,11,6,8,12,18
S1658,6,9,19,14,5,8,12,19
S1659,7,6,17,12,7,8,12,18
S1660,8,7,18,13,6,8,12,18
S1661,9,8,17,11,7,8,12,19
S1662,10,9,16,14,6,8,12,18
S1663,8,6,15,12,6,8,12,19
S1664,9,7,20,13,7,7,12,18
S1665,10,8,17,11,6,7,12,18
S1666,8,9,18,14,7,7,13,19
S1667,9,6,19,12,6,7,13,18
S1668,10,7,17,13,5,7,13,19
S1669,8,8,18,11,7,7,13,18
S1670,9,9,17,14,6,7,13,18
S1671,10,6,16,12,7,7,13,19
S1672,6,7,15,13,6,7,13,18
S1673,6,8,20,11,5,7,13,19
S1674,6,9,17,14,7,7,13,18
S1675,6,6,18,12,6,9,13,18
S1676,6,7,19,13,7,9,13,19
S1677,6,8,17,11,6,9,13,18
S1678,6,9,16,14,7,9,13,19
S1679,6,6,18,12,7,9,13,18
S1680,7,7,17,13,6,9,14,18
S1681,7,8,16,11,7,9,14,19
S1682,7,9,15,14,6,9,14,18
S1683,7,6,20,12,7,9,14,19
S1684,7,7,17,13,7,6,14,18
S1685,7,8,18,11,6,6,14,18
S1686,8,9,19,14,7,6,14,19
S1687,8,6,17,12,6,6,14,18
S1688,8,7,16,13,8,6,14,19
S1689,8,8,18,11,7,6,14,18
S1690,8,9,17,14,6,6,14,18
S1691,8,6,16,12,7,6,14,19
S1692,8,7,15,13,6,6,12,18
S1693,8,8,20,11,9,6,12,19
S1694,9,9,17,14,7,10,12,18
S1695,9,6,18,12,6,10,12,18
S1696,9,7,19,13,7,10,12,19
S1697,9,8,17,11,6,10,12,18
S1698,9,9,15,14,9,10,12,19
S1699,9,10,18,12,10,10,12,18
S1700,9,6,15,11,7,10,12,18
S1701,5,19,5,18,10,12,19,11
S1702,8,18,7,18,10,13,18,11
S1703,9,16,9,18,10,11,17,11
S1704,6,15,6,18,10,14,15,11
S1705,7,19,10,18,10,12,16,11
S1706,8,20,7,18,10,13,20,11
S1707,9,19,5,17,10,11,19,11
S1708,6,19,5,17,10,14,18,11
S1709,7,18,7,18,10,12,17,11
S1710,8,16,9,18,9,13,16,11
S1711,9,15,6,19,9,11,19,11
S1712,10,19,10,19,9,14,18,11
S1713,6,20,7,18,9,12,17,11
S1714,9,19,9,18,9,13,15,11
S1715,9,19,9,17,9,11,16,11
S1716,9,18,9,17,9,14,20,12
S1717,9,16,9,18,9,12,19,12
S1718,8,15,9,18,9,13,18,12
S1719,9,19,5,19,9,11,17,12
S1720,6,20,7,19,8,14,16,12
S1721,7,19,9,17,8,12,19,12
S1722,8,18,6,18,8,13,18,12
S1723,9,16,10,18,8,11,17,12
S1724,6,15,7,17,8,14,15,12
S1725,7,19,10,17,8,12,16,12
S1726,8,20,7,18,8,13,20,12
S1727,9,19,7,18,8,11,19,12
S1728,10,18,7,19,8,14,18,12
S1729,6,16,5,19,8,12,17,14
S1730,7,15,7,17,8,13,16,14
S1731,8,19,9,18,7,11,19,14
S1732,9,20,6,18,7,14,18,14
S1733,6,19,10,17,7,12,17,14
S1734,7,18,7,20,7,13,15,14
S1735,8,16,9,18,7,11,16,14
S1736,9,15,5,18,7,14,20,14
S1737,6,19,7,19,7,12,19,14
S1738,7,20,9,19,7,13,18,14
S1739,8,19,6,15,7,11,17,14
S1740,9,18,10,15,6,14,16,14
S1741,10,16,7,18,6,12,19,14
S1742,6,15,6,18,6,13,18,13
S1743,9,19,5,17,6,11,17,13
S1744,6,20,7,17,6,14,15,13
S1745,7,19,9,18,6,12,16,13
S1746,8,18,6,18,6,13,20,13
S1747,9,16,10,20,6,11,19,13
S1748,10,15,7,19,6,14,18,13
S1749,6,19,5,20,6,12,17,13
S1750,5,20,8,19,6,11,16,13
S1751,12,5,6,17,14,14,18,17
S1752,13,5,6,17,12,12,18,17
S1753,11,10,6,18,13,13,18,17
S1754,14,7,6,18,11,11,18,17
S1755,12,6,6,19,14,14,19,17
S1756,13,5,6,19,14,11,18,17
S1757,11,7,6,20,12,11,16,17
S1758,14,9,6,20,13,11,15,17
S1759,12,6,6,16,11,11,19,17
S1760,13,10,6,15,14,11,20,17
S1761,11,5,6,16,14,11,19,17
S1762,14,7,6,17,14,11,19,17
S1763,12,7,6,17,14,11,18,17
S1764,13,10,10,17,12,11,16,17
S1765,11,7,7,18,13,11,15,17
S1766,14,6,6,18,11,11,19,17
S1767,12,5,5,19,14,11,20,17
S1768,13,7,7,19,14,11,19,17
S1769,11,9,9,20,12,11,19,17
S1770,14,6,6,20,13,11,18,17
S1771,12,10,10,16,11,11,16,17
S1772,13,7,8,15,14,11,15,17
S1773,11,6,8,16,14,11,19,17
S1774,14,5,10,17,14,11,20,17
S1775,12,7,7,17,12,11,19,17
S1776,13,9,6,17,13,11,18,17
S1777,11,6,5,18,11,11,16,17
S1778,14,10,7,18,14,11,15,17
S1779,12,9,9,19,14,11,19,17
S1780,13,9,6,19,14,11,20,17
S1781,11,10,10,20,14,11,19,17
S1782,14,7,8,20,14,11,18,17
S1783,12,6,5,16,12,11,16,17
S1784,13,5,10,15,13,11,15,17
S1785,11,7,7,16,11,11,19,17
S1786,14,9,6,17,14,11,20,16
S1787,12,6,5,17,13,11,19,16
S1788,13,10,7,17,14,11,18,16
S1789,11,9,9,18,12,11,16,16
S1790,14,9,6,18,13,11,15,16
S1791,12,10,10,19,11,13,19,16
S1792,13,7,10,19,14,13,20,16
S1793,11,6,7,20,13,13,19,16
S1794,14,5,6,20,14,13,18,16
S1795,12,7,5,16,12,13,16,16
S1796,13,9,7,15,13,13,15,16
S1797,11,6,9,16,11,13,19,16
S1798,14,10,6,17,14,13,20,16
S1799,12,6,10,15,11,13,19,16
S1800,11,6,5,17,13,13,18,16
S1801,19,11,6,18,7,16,11,11
S1802,18,12,10,18,7,16,13,11
S1803,16,13,8,18,7,16,14,11
S1804,15,14,5,18,7,16,12,11
S1805,19,13,10,18,7,16,12,11
S1806,20,12,7,18,7,16,12,11
S1807,19,11,6,18,7,16,11,11
S1808,19,11,5,18,7,16,13,11
S1809,18,11,7,18,7,16,14,11
S1810,16,11,9,18,7,16,12,11
S1811,15,12,6,18,7,16,12,11
S1812,19,13,10,18,7,16,12,11
S1813,20,14,10,18,7,16,12,11
S1814,19,13,7,18,7,16,11,11
S1815,19,12,6,18,7,16,13,11
S1816,18,13,5,18,7,16,14,11
S1817,16,13,7,18,7,16,12,11
S1818,15,13,9,18,7,17,11,11
S1819,19,11,6,18,7,17,11,11
S1820,20,12,10,18,7,17,11,11
S1821,19,13,5,18,7,17,11,11
S1822,18,14,6,18,7,17,13,11
S1823,16,13,10,18,7,17,14,11
S1824,15,12,8,19,7,17,12,11
S1825,19,13,5,19,7,17,11,11
S1826,20,13,10,19,7,17,13,11
S1827,19,11,7,19,7,17,11,11
S1828,18,12,6,19,7,17,13,11
S1829,16,13,5,19,7,17,14,11
S1830,15,14,7,19,7,17,12,11
S1831,19,13,9,19,7,17,13,11
S1832,20,12,6,19,7,17,13,11
S1833,19,13,10,19,7,17,11,11
S1834,18,13,10,19,7,18,13,14
S1835,16,12,7,19,7,18,14,14
S1836,15,11,6,19,7,18,12,14
S1837,19,12,5,19,7,18,14,14
S1838,20,13,7,19,9,18,14,14
S1839,19,14,9,19,9,18,14,14
S1840,18,13,6,15,9,18,14,14
S1841,16,12,10,15,9,18,14,14
S1842,15,12,10,15,9,18,11,14
S1843,19,12,8,15,9,18,13,14
S1844,20,12,5,15,9,18,14,13
S1845,19,11,10,15,9,18,12,13
S1846,18,12,7,15,9,18,14,13
S1847,16,13,6,15,9,18,11,13
S1848,15,14,5,15,9,18,13,13
S1849,19,13,7,15,9,18,14,13
S1850,20,12,9,15,9,18,12,13
S1851,16,11,5,11,6,19,19,12
S1852,17,13,5,11,5,20,19,12
S1853,19,14,5,11,7,19,18,12
S1854,15,12,5,11,9,18,19,12
S1855,17,14,5,11,6,16,18,12
S1856,19,11,5,11,10,15,19,12
S1857,16,13,5,11,10,19,17,12
S1858,17,14,5,11,8,20,15,12
S1859,19,12,5,11,5,19,19,12
S1860,15,11,5,11,10,18,16,12
S1861,17,11,5,11,7,16,18,12
S1862,19,12,5,11,6,15,19,12
S1863,20,12,5,11,5,19,17,12
S1864,16,12,5,11,7,20,15,12
S1865,17,11,5,11,9,19,19,12
S1866,19,13,5,11,6,18,16,12
S1867,15,14,5,12,5,16,19,12
S1868,17,12,5,12,7,15,19,12
S1869,19,14,5,12,9,19,18,12
S1870,20,11,5,12,6,20,19,13
S1871,16,13,6,12,10,19,17,13
S1872,17,14,6,12,10,18,15,13
S1873,19,12,6,12,8,16,19,13
S1874,15,12,6,12,5,19,16,13
S1875,17,12,6,12,10,20,19,13
S1876,19,13,6,12,7,19,17,13
S1877,20,11,6,12,6,18,17,13
S1878,16,13,6,12,5,16,17,13
S1879,17,14,6,12,7,15,18,13
S1880,19,12,6,12,9,19,19,13
S1881,15,14,6,12,6,20,17,13
S1882,17,11,6,12,5,19,15,13
S1883,19,13,6,12,7,18,19,13
S1884,20,14,6,13,9,16,16,14
S1885,16,12,6,13,6,15,17,14
S1886,17,13,6,13,10,19,17,14
S1887,19,13,6,13,10,20,18,14
S1888,15,11,6,13,8,19,19,14
S1889,17,13,6,13,5,18,17,14
S1890,19,14,6,13,10,16,15,14
S1891,17,12,6,13,8,15,19,14
S1892,17,14,6,13,5,19,16,14
S1893,16,11,6,13,10,20,17,14
S1894,17,13,7,13,7,19,18,14
S1895,19,14,7,13,6,19,19,14
S1896,15,12,7,14,5,20,17,14
S1897,17,14,7,14,7,19,15,14
S1898,19,11,7,14,9,18,19,14
S1899,18,12,7,14,6,16,16,14
S1900,16,14,7,14,5,15,17,14
S1901,19,20,11,5,9,12,17,12
S1902,18,20,11,10,9,12,15,11
S1903,17,20,13,8,9,12,16,13
S1904,15,20,11,5,9,12,19,11
S1905,16,20,14,10,9,12,17,14
S1906,19,20,12,7,9,12,15,12
S1907,18,20,11,6,9,12,17,11
S1908,19,20,11,5,9,12,15,13
S1909,19,20,11,7,9,12,16,11
S1910,17,20,13,9,9,12,19,14
S1911,15,20,11,6,9,12,17,12
S1912,16,20,14,5,9,12,15,11
S1913,19,20,12,10,9,12,17,13
S1914,18,20,11,8,9,12,15,11
S1915,19,20,11,5,9,12,16,14
S1916,19,19,11,10,9,12,19,12
S1917,19,19,13,7,9,12,17,11
S1918,19,19,11,6,9,12,15,13
S1919,19,19,14,5,9,13,17,11
S1920,17,19,12,7,9,13,15,14
S1921,15,19,11,9,9,13,16,12
S1922,16,19,11,6,9,13,19,11
S1923,19,19,13,5,9,13,17,13
S1924,18,19,11,10,9,13,15,11
S1925,19,19,14,8,8,13,17,14
S1926,19,19,12,5,8,13,15,12
S1927,19,19,11,10,8,13,16,11
S1928,19,18,12,7,8,13,19,13
S1929,18,18,11,6,8,13,17,11
S1930,18,18,13,5,8,13,15,14
S1931,17,18,11,7,8,14,17,12
S1932,15,18,14,9,8,14,15,11
S1933,16,18,12,6,8,14,16,13
S1934,19,18,11,5,8,14,19,11
S1935,17,18,12,10,8,14,17,14
S1936,15,18,11,8,8,14,15,12
S1937,16,18,13,5,8,14,17,11
S1938,19,18,11,10,8,14,15,13
S1939,18,18,14,7,8,14,16,11
S1940,18,18,12,5,7,14,19,11
S1941,18,18,11,10,7,14,17,13
S1942,18,18,13,8,6,14,15,11
S1943,17,18,11,5,6,14,17,14
S1944,15,18,13,10,7,11,15,12
S1945,16,18,11,7,5,11,17,11
S1946,19,18,14,6,9,11,15,13
S1947,18,18,12,5,8,11,16,11
S1948,17,18,11,7,7,11,19,14
S1949,17,18,13,9,7,11,17,12
S1950,17,18,14,6,7,11,15,11
S1951,17,11,19,11,8,18,7,12
S1952,18,14,19,11,5,15,8,12
S1953,19,13,19,14,10,17,5,12
S1954,20,11,19,13,7,19,10,12
S1955,19,11,19,12,6,20,7,12
S1956,18,11,19,12,8,18,6,12
S1957,17,11,19,12,5,18,8,12
S1958,16,14,19,12,10,15,5,12
S1959,17,13,19,11,7,17,10,12
S1960,18,11,19,11,6,19,7,12
S1961,19,11,19,14,8,20,6,12
S1962,20,11,19,13,5,18,8,11
S1963,19,11,19,12,10,18,5,11
S1964,18,14,19,12,7,15,10,11
S1965,17,13,19,12,6,17,7,11
S1966,16,11,19,12,8,19,6,11
S1967,17,11,19,12,5,20,8,11
S1968,18,11,19,13,10,18,5,11
S1969,19,14,19,11,7,18,10,11
S1970,20,13,16,11,6,15,7,11
S1971,19,11,16,14,8,17,6,11
S1972,18,12,16,13,5,19,8,11
S1973,17,11,16,13,10,20,5,11
S1974,16,14,16,13,7,18,10,13
S1975,17,13,16,13,6,15,7,13
S1976,18,11,16,13,8,17,6,13
S1977,19,12,16,11,5,19,5,13
S1978,20,11,16,11,10,20,8,13
S1979,19,14,16,14,7,18,5,13
S1980,18,13,16,13,6,15,10,13
S1981,17,11,16,14,8,17,7,13
S1982,16,12,16,14,5,19,6,13
S1983,17,11,16,14,10,20,8,13
S1984,18,14,16,14,7,18,5,13
S1985,19,13,16,14,6,15,10,13
S1986,20,11,16,11,8,17,7,13
S1987,19,13,16,11,5,19,6,13
S1988,18,11,17,14,10,20,8,13
S1989,17,14,17,13,7,17,5,13
S1990,16,13,17,11,6,18,10,14
S1991,16,11,17,11,8,15,7,14
S1992,17,14,17,11,5,17,6,14
S1993,18,11,17,14,10,19,8,14
S1994,19,14,17,13,7,20,5,14
S1995,20,13,17,11,6,17,10,14
S1996,19,11,17,11,8,18,7,14
S1997,18,14,17,11,5,15,6,14
S1998,17,13,17,14,10,17,9,14
S1999,16,11,17,13,7,19,8,14
S2000,17,11,17,11,6,20,7,14
S2001,12,18,12,5,10,12,15,18
S2002,13,19,13,5,9,12,15,15
S2003,14,18,14,6,7,12,15,17
S2004,11,15,11,6,6,12,15,19
S2005,14,17,12,7,5,12,15,20
S2006,13,18,12,7,9,12,15,18
S2007,12,20,13,8,8,12,15,15
S2008,11,18,14,8,7,12,15,17
S2009,12,19,11,9,6,12,15,19
S2010,13,18,12,9,5,12,15,20
S2011,14,15,12,5,9,12,15,18
S2012,11,17,13,5,10,12,15,15
S2013,14,18,14,5,10,12,15,17
S2014,13,20,11,6,9,12,15,19
S2015,12,18,12,6,7,12,15,20
S2016,11,18,13,7,6,12,15,18
S2017,12,19,14,7,5,12,17,15
S2018,13,18,11,8,9,12,17,17
S2019,14,15,12,8,8,12,17,19
S2020,11,17,12,9,7,12,17,20
S2021,14,18,13,9,6,12,17,18
S2022,13,20,14,5,5,12,17,15
S2023,12,19,11,5,9,12,17,17
S2024,11,18,14,6,10,13,17,19
S2025,12,19,12,6,10,13,17,20
S2026,13,18,13,7,9,13,17,18
S2027,14,15,14,7,7,13,17,15
S2028,11,17,11,8,6,13,17,17
S2029,14,18,14,8,5,13,17,19
S2030,13,20,12,9,9,13,17,20
S2031,12,16,13,9,8,13,17,18
S2032,11,18,14,7,7,13,18,18
S2033,13,19,11,7,6,13,18,15
S2034,12,18,12,5,5,13,18,17
S2035,13,15,13,5,9,13,18,19
S2036,14,17,14,6,10,13,18,20
S2037,11,18,11,6,10,14,18,18
S2038,14,20,14,7,9,14,18,15
S2039,13,16,12,7,7,14,18,17
S2040,12,18,13,5,6,14,18,19
S2041,11,19,14,5,5,14,18,20
S2042,13,18,11,6,9,14,18,18
S2043,12,15,11,6,8,14,18,15
S2044,13,17,12,7,7,14,18,17
S2045,14,18,13,7,6,14,18,19
S2046,11,20,14,8,5,14,20,18
S2047,14,17,12,8,9,14,20,15
S2048,13,16,13,9,10,14,20,17
S2049,12,19,14,6,8,14,20,19
S2050,11,17,11,9,7,14,20,20
S2051,11,5,5,20,19,11,13,10
S2052,12,6,6,18,19,11,13,10
S2053,14,7,5,17,19,11,13,10
S2054,11,5,7,16,19,11,13,10
S2055,12,6,8,16,19,11,13,10
S2056,14,7,7,15,19,11,13,10
S2057,11,5,8,20,19,11,13,10
S2058,12,6,9,18,19,11,13,10
S2059,14,7,10,17,19,11,13,10
S2060,11,5,5,16,19,11,13,10
S2061,12,6,6,16,18,11,13,10
S2062,14,7,5,15,18,11,13,10
S2063,11,6,7,20,18,11,13,6
S2064,12,8,8,18,18,11,13,6
S2065,14,9,7,17,18,11,13,6
S2066,11,10,8,16,18,11,13,6
S2067,12,7,9,16,18,11,13,6
S2068,14,6,10,15,18,11,14,6
S2069,11,8,5,20,18,11,14,6
S2070,12,9,6,18,18,14,14,6
S2071,14,10,5,17,18,14,14,6
S2072,11,7,7,16,18,14,14,6
S2073,12,6,8,16,17,14,14,6
S2074,14,8,7,15,17,14,14,6
S2075,14,9,8,20,17,14,12,6
S2076,13,10,9,18,17,14,12,6
S2077,12,7,10,17,17,14,12,6
S2078,11,6,5,16,17,11,12,6
S2079,12,8,6,16,17,11,12,6
S2080,14,9,5,15,17,11,12,8
S2081,14,10,7,20,17,11,12,8
S2082,13,7,8,18,17,11,12,8
S2083,12,6,7,17,15,11,12,8
S2084,11,8,8,16,15,11,12,8
S2085,12,9,9,16,15,12,12,8
S2086,14,10,10,15,15,12,13,8
S2087,14,7,5,20,15,12,13,8
S2088,13,6,6,18,15,12,13,8
S2089,12,8,5,17,15,12,13,8
S2090,11,9,7,16,15,12,13,8
S2091,12,10,8,16,15,13,13,8
S2092,14,7,7,15,15,13,13,8
S2093,14,6,8,20,15,13,13,8
S2094,13,8,9,18,15,13,13,8
S2095,12,9,10,17,19,13,12,8
S2096,11,10,5,16,19,13,12,8
S2097,14,7,6,16,19,13,12,8
S2098,13,6,7,15,19,13,12,8
S2099,12,8,8,17,19,13,12,8
S2100,11,9,9,18,19,13,12,8
S2101,5,7,11,11,10,18,16,15
S2102,6,7,12,11,9,18,16,15
S2103,7,8,14,11,8,18,16,15
S2104,8,8,11,11,7,18,16,15
S2105,8,9,12,11,10,18,16,15
S2106,7,9,14,11,9,18,16,15
S2107,6,7,11,11,8,18,16,15
S2108,5,7,12,11,7,18,16,15
S2109,5,8,14,11,10,18,16,15
S2110,6,8,11,11,9,18,16,15
S2111,7,9,12,11,8,18,16,15
S2112,8,9,14,13,7,18,16,15
S2113,8,7,11,13,10,18,16,15
S2114,7,7,12,13,9,18,16,15
S2115,6,8,14,13,8,18,16,15
S2116,5,8,11,13,7,18,16,15
S2117,5,9,12,13,10,18,16,15
S2118,6,9,14,13,9,18,16,15
S2119,7,7,11,13,8,18,16,15
S2120,8,7,12,13,7,18,16,15
S2121,8,8,14,13,10,18,16,15
S2122,7,8,11,13,9,18,16,15
S2123,6,9,12,14,8,18,16,15
S2124,5,9,14,14,7,18,16,15
S2125,5,7,14,14,10,18,16,15
S2126,6,7,13,14,9,18,16,15
S2127,7,8,12,14,8,18,16,15
S2128,8,8,11,14,7,18,16,15
S2129,8,9,12,14,10,18,16,15
S2130,7,9,14,14,9,18,16,15
S2131,6,7,14,14,8,18,16,15
S2132,5,7,13,14,7,18,16,15
S2133,5,8,12,14,10,18,16,15
S2134,6,8,11,13,9,18,16,15
S2135,7,9,12,13,8,18,16,15
S2136,8,9,14,13,7,18,16,15
S2137,8,7,14,13,10,18,16,15
S2138,7,7,13,13,9,18,16,15
S2139,6,8,12,13,8,18,16,15
S2140,5,8,11,13,7,18,16,15
S2141,5,9,12,13,10,18,16,15
S2142,6,9,14,12,9,18,16,15
S2143,7,7,14,12,8,18,16,15
S2144,8,7,13,12,7,18,16,15
S2145,8,8,12,12,10,18,16,15
S2146,7,8,11,12,9,18,16,15
S2147,6,9,14,12,8,18,16,15
S2148,5,9,13,12,7,18,16,15
S2149,6,8,12,12,6,18,16,15
S2150,8,6,11,12,7,18,16,15
S2151,11,7,5,20,16,17,12,14
S2152,12,7,6,19,16,17,12,14
S2153,13,7,7,18,16,17,12,14
S2154,12,7,8,17,16,17,12,14
S2155,14,7,8,16,16,17,12,14
S2156,11,7,7,15,16,17,12,14
S2157,12,7,6,20,16,17,12,14
S2158,13,7,5,19,16,17,12,14
S2159,12,7,5,18,16,17,12,14
S2160,14,7,6,17,16,17,12,14
S2161,11,7,7,16,16,17,13,14
S2162,12,7,8,15,16,17,13,11
S2163,13,7,8,20,16,17,13,11
S2164,12,7,7,19,16,18,13,11
S2165,14,7,6,18,16,18,13,11
S2166,11,7,5,17,16,18,13,11
S2167,12,7,5,16,15,18,13,11
S2168,13,7,6,15,15,18,13,11
S2169,12,7,7,20,15,18,13,11
S2170,14,7,8,19,15,18,13,11
S2171,11,7,8,18,15,18,13,11
S2172,12,7,7,17,15,18,12,11
S2173,13,7,6,16,15,18,12,13
S2174,12,7,5,15,15,18,12,13
S2175,14,7,5,20,15,18,12,13
S2176,11,7,6,19,15,18,12,13
S2177,12,7,7,18,15,15,12,13
S2178,13,7,8,17,15,15,12,13
S2179,12,7,8,16,15,15,12,13
S2180,14,7,7,15,15,15,12,13
S2181,11,7,6,20,15,15,12,13
S2182,12,7,5,19,15,15,12,13
S2183,13,7,5,18,18,15,14,11
S2184,12,7,6,17,18,15,14,11
S2185,14,7,7,16,18,15,14,11
S2186,11,7,8,15,18,19,14,11
S2187,12,7,8,20,18,19,14,11
S2188,13,7,7,19,18,19,14,11
S2189,12,7,6,18,18,19,14,11
S2190,14,7,5,17,18,19,14,11
S2191,11,7,5,16,18,19,14,11
S2192,12,7,6,15,18,19,14,11
S2193,13,7,7,20,18,19,14,11
S2194,12,7,8,19,18,19,14,11
S2195,14,7,8,18,18,19,14,11
S2196,11,7,7,17,19,19,14,11
S2197,12,7,6,16,19,19,14,11
S2198,13,7,5,15,19,19,14,11
S2199,12,7,6,17,19,19,14,11
S2200,14,7,8,16,19,19,14,11
S2201,6,5,18,19,11,13,7,20
S2202,6,6,17,19,12,13,7,19
S2203,6,7,16,19,13,13,8,18
S2204,6,8,16,19,12,13,8,17
S2205,6,8,18,19,14,13,7,20
S2206,6,7,17,19,11,13,6,19
S2207,6,6,16,19,12,13,5,18
S2208,6,5,16,19,13,13,5,17
S2209,6,5,18,19,12,13,6,20
S2210,6,6,17,19,14,13,7,19
S2211,6,7,16,19,11,13,8,18
S2212,6,8,16,19,12,13,7,17
S2213,6,8,18,19,13,13,6,20
S2214,8,7,17,19,12,13,7,19
S2215,8,6,16,19,14,13,7,18
S2216,8,5,16,19,11,13,9,17
S2217,8,5,18,19,12,13,9,20
S2218,8,6,17,19,13,13,8,19
S2219,8,7,16,19,12,13,8,18
S2220,8,8,16,17,14,13,7,17
S2221,8,8,16,17,11,14,6,20
S2222,8,7,16,17,12,14,9,19
S2223,8,6,18,17,13,14,5,18
S2224,8,5,17,17,12,14,5,17
S2225,8,5,16,17,14,14,6,20
S2226,8,6,16,17,11,14,7,19
S2227,9,7,18,17,12,14,7,18
S2228,9,8,17,17,13,14,6,17
S2229,9,8,16,17,12,14,8,20
S2230,9,7,16,17,14,14,8,19
S2231,9,6,16,17,11,14,8,18
S2232,9,5,16,17,12,14,8,17
S2233,9,5,18,15,13,14,8,20
S2234,9,6,17,15,12,14,7,19
S2235,9,7,16,15,14,14,6,18
S2236,10,8,16,15,11,12,5,17
S2237,10,8,18,15,12,12,5,20
S2238,10,7,17,15,13,12,6,19
S2239,10,6,16,15,12,12,7,18
S2240,10,5,16,15,14,12,8,17
S2241,10,5,16,15,11,12,5,20
S2242,10,6,16,15,12,12,5,19
S2243,5,7,18,15,13,12,6,18
S2244,5,8,17,15,12,12,7,17
S2245,5,8,16,15,14,12,5,20
S2246,5,7,16,15,11,12,5,19
S2247,5,6,18,15,12,12,5,18
S2248,6,5,17,15,13,12,6,17
S2249,7,6,16,15,12,12,7,16
S2250,5,8,16,15,14,12,5,17
S2251,12,11,5,20,7,18,20,13
S2252,12,12,5,20,7,17,17,13
S2253,12,13,5,20,7,20,20,12
S2254,12,12,5,20,7,19,19,12
S2255,12,14,5,19,7,18,18,14
S2256,12,11,5,18,7,17,17,11
S2257,11,12,5,17,7,20,20,11
S2258,12,13,5,20,7,18,19,13
S2259,13,12,5,19,7,17,18,13
S2260,12,14,5,18,7,20,20,12
S2261,14,11,5,17,7,19,17,12
S2262,11,12,5,20,7,18,20,14
S2263,12,13,5,20,7,17,19,11
S2264,13,12,5,20,7,20,18,11
S2265,12,14,5,20,7,18,17,13
S2266,14,11,5,20,7,17,20,13
S2267,11,11,5,19,7,20,19,12
S2268,12,11,5,19,6,19,18,12
S2269,13,11,5,19,6,18,20,14
S2270,12,11,5,19,6,17,17,11
S2271,14,11,5,19,6,20,20,11
S2272,14,12,5,19,6,18,19,13
S2273,14,12,5,18,6,17,18,13
S2274,14,11,6,17,6,20,17,13
S2275,14,12,6,20,6,19,20,12
S2276,14,13,6,19,6,18,19,12
S2277,14,12,6,18,6,17,18,14
S2278,14,14,6,17,6,20,20,11
S2279,11,11,6,19,6,18,17,11
S2280,12,12,6,19,6,17,20,13
S2281,13,13,6,19,6,20,19,13
S2282,12,12,6,19,9,19,18,13
S2283,14,14,6,18,9,18,17,12
S2284,11,11,6,17,9,17,20,12
S2285,12,12,6,20,9,20,19,14
S2286,13,13,6,19,9,18,18,11
S2287,12,12,6,18,9,17,20,11
S2288,14,14,6,17,9,20,17,13
S2289,11,11,6,18,9,19,20,13
S2290,12,11,6,18,9,18,19,13
S2291,13,11,6,18,9,17,18,12
S2292,12,11,9,19,9,20,17,12
S2293,14,11,9,18,10,18,20,14
S2294,13,11,9,17,10,17,19,13
S2295,12,11,9,20,10,20,20,13
S2296,13,12,9,19,10,19,19,12
S2297,12,13,9,18,10,18,18,12
S2298,14,12,9,17,10,17,17,14
S2299,13,14,9,17,10,20,18,11
S2300,13,11,9,17,10,17,15,11
S2301,12,5,7,20,5,18,20,12
S2302,12,5,7,19,5,19,19,12
S2303,13,5,8,18,5,18,18,12
S2304,13,5,8,17,5,17,17,12
S2305,12,5,9,16,5,20,16,12
S2306,12,5,9,15,5,19,15,12
S2307,14,7,7,20,5,18,20,12
S2308,11,8,7,19,5,17,19,12
S2309,11,8,8,18,5,18,18,12
S2310,12,9,8,17,5,18,17,12
S2311,12,9,9,16,5,18,16,12
S2312,12,7,9,15,5,18,15,12
S2313,13,5,7,20,5,19,20,12
S2314,13,5,7,19,5,18,19,12
S2315,12,7,8,18,5,17,18,12
S2316,12,8,8,17,5,20,17,12
S2317,14,8,9,16,5,19,16,12
S2318,11,9,9,15,5,18,15,12
S2319,11,9,7,20,5,17,20,12
S2320,12,7,7,19,5,19,19,12
S2321,13,5,8,18,5,19,18,12
S2322,13,5,8,17,5,19,17,14
S2323,12,5,9,16,5,18,16,14
S2324,12,7,9,15,6,17,15,14
S2325,14,8,7,20,6,20,20,14
S2326,11,8,7,19,6,19,19,14
S2327,13,9,8,18,6,18,18,14
S2328,14,9,8,17,6,17,17,14
S2329,13,7,9,16,6,19,16,14
S2330,11,6,9,15,6,19,15,14
S2331,13,6,7,20,6,19,20,14
S2332,12,6,7,19,6,15,19,14
S2333,13,6,8,18,6,15,18,14
S2334,13,6,8,17,6,15,17,14
S2335,12,6,9,16,6,19,16,14
S2336,12,6,9,15,6,18,15,14
S2337,14,6,7,20,6,17,20,14
S2338,11,6,7,19,6,20,19,13
S2339,11,6,8,18,6,19,18,13
S2340,13,6,8,17,6,18,17,13
S2341,13,6,9,16,6,17,16,13
S2342,13,9,9,15,9,15,15,13
S2343,13,9,7,20,9,19,20,13
S2344,12,9,7,19,9,18,19,13
S2345,12,9,8,18,9,17,18,13
S2346,14,9,8,17,9,20,17,13
S2347,11,9,9,16,9,19,16,13
S2348,11,9,9,15,9,18,15,13
S2349,13,9,8,17,9,17,17,13
S2350,11,9,6,16,9,16,16,13
S2351,18,12,7,20,5,12,20,12
S2352,19,12,7,19,5,12,19,12
S2353,18,12,8,18,5,12,18,12
S2354,17,12,8,17,5,12,17,12
S2355,20,12,9,16,5,12,16,12
S2356,19,12,9,15,5,12,15,12
S2357,18,12,7,20,5,12,20,12
S2358,17,12,7,19,5,12,19,12
S2359,18,12,8,18,5,12,18,12
S2360,19,12,8,17,5,12,17,12
S2361,18,12,9,16,5,12,16,12
S2362,17,12,9,15,5,12,15,12
S2363,20,12,7,20,5,12,20,12
S2364,19,12,7,19,5,12,19,12
S2365,18,12,8,18,5,12,18,12
S2366,17,12,8,17,5,12,17,12
S2367,18,12,9,16,5,12,16,12
S2368,19,12,9,15,5,12,15,12
S2369,18,12,7,20,5,12,20,12
S2370,17,12,7,19,5,12,19,12
S2371,20,12,8,18,5,12,18,12
S2372,19,14,8,17,5,14,17,14
S2373,18,14,9,16,5,14,16,14
S2374,17,14,9,15,6,14,15,14
S2375,19,14,7,20,6,14,20,14
S2376,19,14,7,19,6,14,19,14
S2377,19,14,8,18,6,14,18,14
S2378,18,14,8,17,6,14,17,14
S2379,17,14,9,16,6,14,16,14
S2380,20,14,9,15,6,14,15,14
S2381,19,14,7,20,6,14,20,14
S2382,18,14,7,19,6,14,19,14
S2383,17,14,8,18,6,14,18,14
S2384,15,14,8,17,6,14,17,14
S2385,15,14,9,16,6,14,16,14
S2386,15,14,9,15,6,14,15,14
S2387,19,14,7,20,6,14,20,14
S2388,18,13,7,19,6,13,19,13
S2389,17,13,8,18,6,13,18,13
S2390,20,13,8,17,6,13,17,13
S2391,19,13,9,16,6,13,16,13
S2392,18,13,9,15,9,13,15,13
S2393,17,13,7,20,9,13,20,13
S2394,16,13,7,19,9,13,19,13
S2395,16,13,8,18,9,13,18,13
S2396,16,13,8,17,9,13,17,13
S2397,16,13,9,16,9,13,16,13
S2398,16,13,9,15,9,13,15,13
S2399,16,13,8,17,9,13,17,13
S2400,16,13,6,16,9,13,16,13
S2401,5,7,12,20,11,18,20,12
S2402,6,7,11,19,12,16,19,13
S2403,8,8,13,18,13,18,18,12
S2404,9,8,14,17,14,16,17,14
S2405,10,9,11,16,13,15,16,12
S2406,5,9,12,15,12,18,15,11
S2407,6,7,13,20,11,19,20,12
S2408,8,7,14,19,11,18,19,11
S2409,9,8,13,18,12,18,18,12
S2410,10,8,11,17,13,18,17,13
S2411,5,9,12,16,14,18,16,12
S2412,6,9,14,15,13,18,15,12
S2413,8,7,12,20,12,16,20,12
S2414,9,7,12,19,11,15,19,12
S2415,10,8,11,18,11,18,18,12
S2416,5,8,13,17,12,19,17,12
S2417,6,9,14,16,13,18,16,12
S2418,8,9,11,15,14,18,15,12
S2419,9,7,12,20,13,19,20,12
S2420,10,7,13,19,12,18,19,12
S2421,5,8,14,18,11,16,18,12
S2422,7,8,13,17,11,15,17,14
S2423,6,9,11,16,12,18,16,14
S2424,5,9,12,15,13,19,15,14
S2425,8,7,14,20,14,19,20,14
S2426,9,7,12,19,13,19,19,14
S2427,5,8,11,18,12,19,18,14
S2428,6,8,13,17,11,19,17,14
S2429,8,9,14,16,11,19,16,14
S2430,9,9,11,15,12,19,15,14
S2431,10,7,12,20,13,19,20,14
S2432,5,7,13,19,14,15,19,14
S2433,7,8,14,18,13,18,18,14
S2434,6,8,13,17,12,16,17,14
S2435,5,9,11,16,11,15,16,14
S2436,8,9,12,15,14,18,15,14
S2437,9,7,14,20,14,19,20,14
S2438,5,7,12,19,13,15,19,13
S2439,6,8,11,18,13,15,18,13
S2440,8,8,13,17,13,15,17,13
S2441,9,9,14,16,13,15,16,13
S2442,10,9,11,15,13,15,15,13
S2443,5,7,12,20,13,16,20,13
S2444,7,7,13,19,13,16,19,13
S2445,6,8,14,18,13,18,18,13
S2446,5,8,13,17,13,16,17,13
S2447,8,9,11,16,13,15,16,13
S2448,9,9,12,15,13,18,15,13
S2449,7,8,14,17,13,19,17,13
S2450,9,6,13,16,13,16,16,13
S2451,20,7,12,17,12,20,18,5
S2452,19,7,12,16,11,19,17,5
S2453,18,8,12,15,13,18,16,5
S2454,17,8,12,20,14,17,15,5
S2455,16,9,12,19,11,16,20,5
S2456,15,9,12,18,12,15,19,5
S2457,20,7,12,17,13,20,18,5
S2458,19,7,12,16,14,19,17,5
S2459,18,8,12,17,13,18,16,5
S2460,17,8,12,16,11,17,17,5
S2461,16,9,12,15,12,16,16,5
S2462,15,9,12,20,14,15,15,5
S2463,20,7,12,19,12,20,20,5
S2464,19,7,12,18,12,19,19,5
S2465,18,8,12,17,11,18,18,5
S2466,17,8,12,16,13,17,17,5
S2467,16,9,12,17,14,16,16,5
S2468,15,9,12,16,11,15,17,5
S2469,20,7,12,15,12,20,16,5
S2470,19,7,12,20,13,19,15,5
S2471,18,8,12,19,14,18,20,5
S2472,17,8,14,18,13,17,19,5
S2473,16,9,14,17,11,16,18,5
S2474,15,9,14,16,12,15,17,6
S2475,20,7,14,17,14,20,16,6
S2476,19,7,14,16,12,19,17,6
S2477,18,8,14,15,11,18,16,6
S2478,17,8,14,20,13,17,15,6
S2479,16,9,14,19,14,16,20,6
S2480,15,9,14,18,11,15,19,6
S2481,20,7,14,17,12,20,18,6
S2482,19,7,14,16,13,19,17,6
S2483,18,8,14,17,14,18,16,6
S2484,17,8,14,16,13,17,17,6
S2485,16,9,14,15,11,16,16,6
S2486,15,9,14,20,12,15,15,6
S2487,20,7,14,19,14,20,20,6
S2488,19,7,13,18,12,19,19,6
S2489,18,8,13,17,11,18,18,6
S2490,17,8,13,16,13,17,17,6
S2491,16,9,13,17,14,16,16,6
S2492,15,9,13,16,11,15,17,9
S2493,20,7,13,15,12,20,16,9
S2494,19,7,13,20,13,19,15,9
S2495,18,8,13,19,14,18,20,9
S2496,17,8,13,18,13,17,19,9
S2497,16,9,13,17,11,16,18,9
S2498,15,9,13,16,12,15,17,9
S2499,17,8,13,16,14,17,16,9
S2500,16,6,13,16,13,16,17,9
S2501,16,5,12,20,10,18,11,8
S2502,17,6,13,19,9,18,11,7
S2503,18,7,14,18,8,18,11,9
S2504,19,9,11,17,7,18,11,10
S2505,20,8,12,16,6,18,11,8
S2506,16,10,13,15,5,18,11,7
S2507,17,10,14,15,10,18,11,9
S2508,18,9,11,16,9,18,11,10
S2509,19,8,12,17,8,18,11,10
S2510,20,7,13,18,7,18,12,9
S2511,16,6,14,19,6,18,12,8
S2512,17,5,11,20,5,18,12,7
S2513,18,10,12,15,5,18,12,6
S2514,19,9,13,16,6,16,12,5
S2515,20,8,14,17,7,16,12,10
S2516,16,7,11,18,8,16,12,9
S2517,17,6,12,19,9,16,12,8
S2518,18,5,13,20,10,16,13,7
S2519,19,10,14,15,10,16,13,6
S2520,20,9,11,16,9,16,13,5
S2521,16,8,11,17,8,17,13,10
S2522,17,7,12,18,7,17,13,9
S2523,18,6,13,19,6,17,13,8
S2524,19,5,14,20,5,17,13,7
S2525,20,10,11,15,5,17,13,6
S2526,16,9,12,16,6,17,14,5
S2527,17,8,13,17,7,17,14,10
S2528,18,7,14,18,8,17,14,9
S2529,19,6,11,19,9,17,14,8
S2530,20,5,12,20,10,17,14,7
S2531,20,10,13,20,10,17,14,6
S2532,19,9,14,19,9,15,14,5
S2533,18,8,11,18,8,15,14,10
S2534,17,7,12,17,7,15,14,9
S2535,16,6,13,16,6,15,14,8
S2536,15,5,14,15,5,15,12,7
S2537,20,10,11,15,5,15,12,6
S2538,19,9,12,16,6,15,12,5
S2539,18,8,13,17,7,15,12,10
S2540,17,7,14,18,8,15,12,9
S2541,16,6,11,19,9,15,12,8
S2542,15,5,12,20,10,15,12,7
S2543,20,10,13,20,10,19,12,6
S2544,19,9,14,19,9,19,12,5
S2545,18,8,11,18,8,19,13,10
S2546,17,7,12,17,7,19,13,9
S2547,16,6,13,16,6,19,13,8
S2548,15,5,14,15,5,19,13,7
S2549,17,6,12,19,5,19,13,6
S2550,18,9,13,18,6,19,13,5
S2551,14,5,7,20,7,18,19,7
S2552,14,6,9,19,7,19,18,7
S2553,14,7,8,18,7,18,17,7
S2554,14,8,5,17,7,17,16,7
S2555,14,9,6,17,7,16,15,7
S2556,14,10,10,19,7,15,19,7
S2557,14,10,7,16,7,19,15,7
S2558,14,9,9,15,6,18,19,7
S2559,14,8,8,19,6,18,18,7
S2560,14,7,5,20,6,17,17,7
S2561,14,6,6,19,6,17,16,7
S2562,14,5,10,18,6,17,15,7
S2563,13,5,7,17,6,19,19,7
S2564,13,6,9,17,6,18,15,7
S2565,13,7,8,19,8,17,19,7
S2566,13,8,5,16,8,16,18,7
S2567,13,9,6,15,8,15,17,7
S2568,13,10,10,19,8,19,16,7
S2569,13,10,7,20,8,17,15,7
S2570,13,9,9,19,8,19,19,7
S2571,12,8,8,18,8,19,19,7
S2572,12,7,5,17,9,19,18,7
S2573,12,6,6,17,9,19,17,7
S2574,12,5,10,19,9,18,16,7
S2575,12,5,7,16,9,17,15,7
S2576,12,6,9,15,9,16,19,7
S2577,12,7,8,19,9,15,19,7
S2578,12,8,5,20,9,19,18,7
S2579,11,9,6,19,9,20,17,7
S2580,11,10,10,18,9,20,16,7
S2581,11,10,7,17,10,19,15,7
S2582,11,9,9,17,10,18,19,7
S2583,11,8,8,19,10,17,19,7
S2584,11,7,5,16,10,16,18,7
S2585,11,6,6,15,10,15,17,7
S2586,11,5,10,19,10,19,16,7
S2587,11,5,7,20,10,15,15,7
S2588,11,6,9,19,6,15,19,7
S2589,11,7,8,18,6,15,19,7
S2590,12,8,5,17,6,19,18,7
S2591,12,9,6,17,6,18,17,7
S2592,12,10,10,19,6,17,16,7
S2593,12,10,7,16,7,16,15,7
S2594,12,9,9,15,7,15,19,7
S2595,12,8,8,19,7,19,18,7
S2596,12,7,5,17,7,18,17,7
S2597,13,6,6,19,7,17,16,7
S2598,13,5,10,16,9,16,15,7
S2599,13,8,8,15,9,15,19,7
S2600,13,9,6,19,9,19,16,7
S2601,16,5,6,20,7,11,18,11
S2602,16,6,6,20,7,12,18,12
S2603,16,7,7,20,7,11,18,13
S2604,16,8,7,20,7,12,18,14
S2605,16,9,6,20,7,11,18,11
S2606,16,10,6,20,7,12,18,12
S2607,16,5,7,20,7,13,18,13
S2608,16,6,7,19,7,14,18,14
S2609,16,7,6,19,7,11,18,11
S2610,16,8,6,19,7,12,18,12
S2611,16,9,7,19,7,11,18,13
S2612,16,10,7,19,7,12,18,14
S2613,17,5,6,19,7,11,18,11
S2614,17,6,6,19,7,12,17,12
S2615,17,7,7,18,9,13,17,13
S2616,17,8,7,18,9,14,17,14
S2617,17,9,5,18,9,11,17,11
S2618,17,10,6,18,9,12,17,12
S2619,17,5,6,18,9,11,17,13
S2620,17,6,6,18,9,12,17,14
S2621,17,7,7,18,9,11,17,11
S2622,18,8,7,18,9,12,17,12
S2623,18,9,6,17,9,13,16,13
S2624,18,10,6,17,9,14,16,14
S2625,18,5,7,17,9,11,16,11
S2626,18,6,7,17,9,12,16,12
S2627,18,7,6,17,9,11,16,13
S2628,18,8,6,17,9,12,16,14
S2629,18,9,7,17,10,11,16,11
S2630,18,10,7,17,10,12,16,12
S2631,18,5,6,17,10,13,16,13
S2632,19,6,6,16,10,14,15,14
S2633,19,7,7,16,10,11,15,11
S2634,19,8,7,16,10,12,15,12
S2635,19,9,5,16,10,11,15,13
S2636,19,10,6,16,10,12,15,14
S2637,19,5,6,16,10,11,15,11
S2638,19,6,6,16,10,12,15,12
S2639,19,7,7,15,10,13,15,13
S2640,19,8,7,15,10,14,15,14
S2641,19,9,6,15,10,11,19,11
S2642,19,10,6,15,10,12,19,12
S2643,19,5,7,15,10,11,19,13
S2644,20,6,7,15,10,12,19,14
S2645,20,7,5,18,10,11,19,11
S2646,20,8,6,18,8,12,19,12
S2647,20,9,5,18,8,13,19,13
S2648,20,10,6,18,8,14,20,14
S2649,20,8,8,18,8,12,19,13
S2650,20,9,9,18,8,11,17,14
S2651,20,5,11,20,14,17,18,10
S2652,19,6,12,20,14,17,18,9
S2653,18,6,13,20,13,17,18,8
S2654,17,7,14,20,12,17,18,7
S2655,16,9,14,20,11,17,18,6
S2656,15,8,13,20,11,17,18,5
S2657,20,10,12,20,12,17,18,10
S2658,19,5,11,20,14,18,18,9
S2659,18,6,11,20,14,18,17,8
S2660,17,6,12,20,13,18,17,7
S2661,16,7,13,19,12,18,17,6
S2662,15,9,14,19,11,18,17,5
S2663,20,8,14,19,11,18,17,10
S2664,19,10,13,19,12,18,17,9
S2665,18,5,12,19,14,18,17,8
S2666,17,6,11,19,14,18,17,7
S2667,16,6,11,19,13,19,17,6
S2668,15,7,12,18,12,19,17,5
S2669,20,9,13,18,11,19,16,10
S2670,19,8,14,18,11,19,16,9
S2671,18,10,14,18,12,19,16,8
S2672,17,5,13,18,14,19,16,7
S2673,16,6,12,18,14,19,16,6
S2674,15,6,11,18,13,19,16,5
S2675,20,7,11,18,12,19,16,10
S2676,19,9,12,18,11,19,16,9
S2677,18,8,13,18,11,16,16,8
S2678,17,10,14,16,12,16,16,7
S2679,16,5,14,16,14,16,16,6
S2680,15,6,13,16,14,16,15,5
S2681,20,6,12,16,13,16,15,10
S2682,19,7,11,16,12,16,15,9
S2683,18,9,11,16,11,16,15,8
S2684,17,8,12,16,11,16,15,7
S2685,16,10,13,15,12,16,20,6
S2686,15,5,14,15,14,15,20,5
S2687,20,6,14,15,14,15,20,10
S2688,19,6,13,15,13,15,20,9
S2689,18,7,12,15,12,15,20,8
S2690,17,9,11,15,11,15,20,7
S2691,16,8,11,15,11,15,20,6
S2692,15,10,12,15,12,15,20,5
S2693,20,5,13,17,14,15,18,10
S2694,19,6,14,17,14,18,18,9
S2695,18,6,14,17,13,18,18,8
S2696,17,7,13,17,12,18,18,7
S2697,16,9,12,17,11,18,18,6
S2698,15,8,11,17,11,18,18,5
S2699,19,10,13,17,12,18,18,8
S2700,18,8,14,17,13,18,18,9
S2701,12,5,6,20,11,20,19,10
S2702,11,5,6,19,11,18,19,9
S2703,12,5,7,18,11,20,19,8
S2704,13,5,9,17,11,18,19,7
S2705,14,5,8,17,11,20,19,6
S2706,12,5,10,20,11,18,19,5
S2707,11,5,5,19,11,20,19,10
S2708,12,5,6,18,11,18,19,9
S2709,13,5,6,17,11,20,19,8
S2710,14,5,7,20,11,18,19,7
S2711,12,5,9,19,11,20,19,6
S2712,11,5,8,18,11,18,19,5
S2713,12,7,10,17,11,20,19,10
S2714,13,7,5,20,11,18,19,9
S2715,14,7,6,19,11,20,19,8
S2716,12,7,6,18,11,18,19,7
S2717,11,7,7,17,13,20,19,6
S2718,12,7,9,20,13,18,19,5
S2719,13,7,8,19,13,20,19,10
S2720,14,7,10,18,13,18,19,9
S2721,12,7,5,17,13,20,19,8
S2722,11,7,6,20,13,18,19,7
S2723,12,7,6,19,13,20,19,6
S2724,13,7,7,18,13,18,19,5
S2725,14,7,9,17,13,20,19,10
S2726,12,7,8,20,14,18,19,9
S2727,11,7,10,19,14,20,19,8
S2728,12,8,8,18,14,18,19,7
S2729,13,9,6,17,14,20,19,6
S2730,14,10,6,20,14,18,19,5
S2731,12,7,7,19,14,20,19,10
S2732,11,8,9,18,14,18,19,9
S2733,12,9,8,17,14,20,19,8
S2734,13,10,10,20,14,18,19,7
S2735,14,7,5,19,14,20,19,6
S2736,12,8,6,18,12,18,19,5
S2737,11,9,6,17,12,20,19,10
S2738,12,10,7,20,12,18,19,9
S2739,13,7,9,19,12,20,19,8
S2740,14,8,8,18,12,18,19,7
S2741,12,9,10,17,12,20,19,6
S2742,11,10,5,20,12,18,19,5
S2743,12,7,6,19,12,20,19,10
S2744,13,8,6,18,12,18,19,9
S2745,14,9,7,17,12,20,19,8
S2746,12,10,9,17,12,18,19,7
S2747,11,7,8,20,12,20,19,6
S2748,12,8,6,19,12,18,19,5
S2749,13,9,5,18,13,17,19,8
S2750,14,10,9,17,13,18,19,9
S2751,11,6,14,17,8,19,19,6
S2752,12,6,13,17,8,18,20,6
S2753,13,8,12,17,8,19,17,6
S2754,14,5,11,17,8,18,17,6
S2755,11,6,14,17,8,19,17,6
S2756,12,6,13,17,8,18,17,6
S2757,13,8,12,17,8,19,17,6
S2758,14,6,11,17,8,18,17,6
S2759,11,6,14,17,8,19,17,6
S2760,12,8,13,17,8,18,17,6
S2761,13,6,12,17,8,19,17,6
S2762,14,6,11,17,8,18,17,6
S2763,11,8,14,17,8,19,16,6
S2764,12,6,13,17,9,18,16,7
S2765,13,6,12,17,9,19,16,7
S2766,14,8,11,17,9,18,16,7
S2767,11,6,14,19,9,19,16,7
S2768,12,6,13,18,9,18,16,7
S2769,13,8,12,15,9,19,16,7
S2770,14,6,11,15,9,18,16,7
S2771,11,6,14,15,9,19,15,7
S2772,12,8,13,15,9,18,15,7
S2773,13,6,12,15,9,19,15,7
S2774,14,6,11,15,9,18,15,7
S2775,11,8,14,15,9,19,15,7
S2776,12,6,13,15,9,18,15,7
S2777,13,6,12,15,9,19,15,8
S2778,14,8,11,15,9,18,15,8
S2779,11,6,14,19,9,19,15,8
S2780,12,6,13,19,9,18,17,8
S2781,13,8,12,19,9,19,17,8
S2782,14,6,11,19,9,18,17,8
S2783,11,6,14,19,9,19,17,8
S2784,12,8,13,19,9,18,17,8
S2785,13,6,12,19,10,19,17,8
S2786,14,6,11,19,10,18,17,8
S2787,11,8,12,19,10,19,17,8
S2788,12,6,14,19,10,18,17,8
S2789,13,6,13,19,10,19,18,8
S2790,14,8,12,19,10,18,18,8
S2791,11,6,11,19,10,19,18,5
S2792,12,6,14,19,10,18,18,5
S2793,13,8,13,19,10,19,18,5
S2794,14,6,12,19,10,18,18,5
S2795,11,6,11,19,10,19,18,5
S2796,12,8,14,19,10,18,18,5
S2797,13,6,13,19,10,19,20,5
S2798,14,6,12,16,10,18,20,5
S2799,11,8,11,16,10,17,20,5
S2800,13,7,12,16,10,18,20,5
S2801,14,6,5,20,12,20,20,6
S2802,13,6,6,20,13,19,20,6
S2803,12,6,7,20,14,18,20,6
S2804,11,6,8,20,12,17,20,6
S2805,14,6,5,20,11,19,20,6
S2806,13,6,5,20,13,20,20,6
S2807,12,6,6,20,14,19,20,6
S2808,11,6,6,20,12,18,20,6
S2809,14,6,5,20,13,17,20,6
S2810,13,6,5,20,14,19,17,6
S2811,12,6,6,20,12,20,17,6
S2812,11,6,6,20,11,19,17,6
S2813,14,6,5,19,13,18,17,6
S2814,13,7,5,19,14,17,17,6
S2815,12,7,6,19,12,19,17,6
S2816,11,7,6,19,13,20,17,6
S2817,14,7,5,19,14,19,17,6
S2818,13,7,5,19,12,18,17,6
S2819,12,7,6,19,11,17,17,6
S2820,11,7,6,19,13,19,17,6
S2821,14,7,5,19,14,20,17,6
S2822,13,7,5,19,12,19,17,6
S2823,12,7,6,19,13,18,17,6
S2824,11,7,6,19,14,17,17,6
S2825,14,7,5,18,12,19,17,6
S2826,13,7,5,18,11,20,17,6
S2827,12,8,6,18,13,19,17,6
S2828,11,8,6,18,14,18,17,6
S2829,14,8,5,18,12,17,17,6
S2830,13,8,5,18,13,19,17,6
S2831,12,8,6,18,14,20,17,6
S2832,11,8,6,18,12,19,17,6
S2833,14,8,5,18,11,18,17,6
S2834,13,8,5,18,13,17,17,6
S2835,12,8,6,18,14,19,17,6
S2836,11,8,6,17,12,20,17,6
S2837,12,8,5,17,13,19,17,6
S2838,14,8,5,17,14,18,17,6
S2839,13,8,6,17,12,17,17,6
S2840,12,8,6,17,11,19,17,6
S2841,11,5,5,17,13,20,17,6
S2842,14,5,5,17,14,19,17,6
S2843,13,5,6,17,12,18,17,6
S2844,12,5,6,17,13,17,17,6
S2845,11,5,5,17,14,19,17,6
S2846,14,5,5,17,12,20,17,6
S2847,13,5,6,15,11,19,17,6
S2848,12,5,6,15,13,18,17,6
S2849,11,5,7,15,14,17,17,6
S2850,12,5,7,15,11,19,17,6
S2851,12,5,10,17,7,15,11,5
S2852,12,6,9,17,7,15,11,6
S2853,12,8,7,17,7,15,11,7
S2854,12,7,6,17,7,15,11,5
S2855,12,5,10,17,7,15,11,6
S2856,12,6,9,17,7,15,11,7
S2857,12,8,7,17,7,15,11,5
S2858,12,7,6,17,7,15,11,6
S2859,12,5,10,17,7,15,11,7
S2860,12,6,9,17,7,15,11,5
S2861,12,8,7,17,7,15,11,6
S2862,12,7,6,17,7,15,11,7
S2863,12,5,10,17,9,15,11,5
S2864,12,6,9,16,9,15,11,6
S2865,12,8,7,16,9,15,11,7
S2866,12,7,6,16,9,15,11,5
S2867,12,5,10,16,9,15,11,6
S2868,12,6,9,16,9,15,11,7
S2869,12,8,7,16,9,15,11,5
S2870,12,7,6,16,9,15,11,6
S2871,12,5,10,16,9,15,11,7
S2872,12,6,9,16,8,15,11,5
S2873,12,8,7,16,8,15,11,6
S2874,12,7,6,16,8,15,11,7
S2875,12,5,10,15,8,15,11,5
S2876,12,6,9,15,8,15,11,6
S2877,12,8,7,15,8,15,11,7
S2878,12,7,6,15,8,15,11,5
S2879,12,5,10,15,8,15,11,6
S2880,12,6,9,15,8,15,11,7
S2881,12,8,7,15,8,15,11,5
S2882,12,7,6,15,8,15,11,6
S2883,12,5,10,15,8,15,11,7
S2884,12,6,9,15,8,15,11,5
S2885,12,8,7,15,6,15,11,6
S2886,12,7,6,15,6,15,11,7
S2887,12,5,10,15,6,15,11,5
S2888,12,6,9,15,6,15,11,6
S2889,12,8,7,15,6,15,11,7
S2890,12,7,6,15,6,15,11,5
S2891,12,5,10,15,6,15,11,6
S2892,12,6,9,19,6,15,11,7
S2893,12,8,7,19,6,15,11,5
S2894,12,7,6,19,6,15,11,6
S2895,12,5,10,19,5,15,11,7
S2896,12,6,9,19,5,15,11,5
S2897,12,8,7,19,5,15,11,6
S2898,12,7,6,19,5,15,11,7
S2899,12,8,6,19,5,15,11,5
S2900,12,9,7,19,5,15,11,6
S2901,11,5,10,19,8,19,18,6
S2902,12,5,9,18,8,19,18,6
S2903,13,6,7,19,8,19,18,6
S2904,14,6,6,18,8,19,18,6
S2905,11,7,10,19,8,19,18,6
S2906,12,7,9,18,8,19,18,6
S2907,13,8,7,19,8,19,18,6
S2908,14,8,10,18,8,19,18,6
S2909,11,9,9,19,8,19,18,6
S2910,12,9,7,18,8,19,18,6
S2911,13,5,6,19,8,19,18,6
S2912,14,5,10,18,8,17,16,6
S2913,11,6,9,19,8,17,16,6
S2914,12,6,7,18,8,17,16,6
S2915,13,7,10,19,8,17,16,6
S2916,14,7,9,18,8,17,16,6
S2917,11,8,7,19,8,17,16,6
S2918,12,8,6,18,8,17,16,6
S2919,13,9,10,19,8,17,16,6
S2920,14,9,9,18,8,17,16,6
S2921,11,5,7,19,8,17,16,6
S2922,12,5,10,18,8,17,19,6
S2923,13,6,10,19,8,17,19,6
S2924,14,6,6,18,8,17,19,6
S2925,11,7,6,19,8,17,19,6
S2926,12,7,10,18,8,17,19,6
S2927,13,8,9,19,8,16,19,6
S2928,14,8,7,18,8,16,19,6
S2929,11,9,6,19,8,16,19,6
S2930,12,9,10,18,8,16,19,6
S2931,13,5,9,19,8,16,19,6
S2932,14,5,7,18,8,16,19,6
S2933,11,6,6,19,8,16,19,6
S2934,12,6,6,18,8,16,20,6
S2935,13,7,6,19,8,16,20,6
S2936,14,7,10,18,8,16,20,6
S2937,11,8,9,19,8,16,20,6
S2938,12,8,7,18,8,16,20,6
S2939,13,9,6,19,8,16,20,6
S2940,14,9,10,18,8,16,20,6
S2941,11,5,9,19,8,16,20,6
S2942,12,5,10,18,8,15,20,6
S2943,13,6,9,19,8,15,20,6
S2944,14,6,7,18,8,15,20,6
S2945,11,7,6,19,8,15,20,6
S2946,12,7,10,18,8,15,20,6
S2947,13,8,9,19,8,15,20,6
S2948,14,8,7,18,8,15,20,6
S2949,13,9,6,19,8,15,20,6
S2950,11,9,6,18,8,15,20,6
S2951,19,7,11,16,12,17,17,7
S2952,18,8,12,16,13,18,17,6
S2953,17,6,13,16,12,19,17,8
S2954,16,8,14,16,13,18,17,7
S2955,15,7,13,16,12,20,17,6
S2956,20,8,12,16,13,19,17,8
S2957,15,6,11,16,12,18,17,7
S2958,16,8,11,16,13,17,17,6
S2959,17,7,12,16,12,16,17,8
S2960,18,8,13,16,13,15,17,7
S2961,19,6,14,16,12,17,17,6
S2962,20,8,13,16,13,18,17,8
S2963,19,7,12,16,12,19,17,7
S2964,18,8,11,16,13,18,17,6
S2965,17,6,11,16,12,20,17,8
S2966,16,8,12,16,13,19,17,7
S2967,15,7,13,16,12,18,17,6
S2968,20,8,14,16,13,17,17,8
S2969,15,6,13,15,12,16,17,7
S2970,16,8,12,15,13,15,17,6
S2971,17,7,11,15,12,18,17,8
S2972,18,8,11,15,13,17,17,7
S2973,19,6,12,15,12,18,17,6
S2974,20,8,13,15,13,19,17,8
S2975,19,7,14,15,12,18,17,7
S2976,18,8,13,15,13,20,17,6
S2977,17,6,12,15,12,19,17,8
S2978,16,8,11,15,13,18,17,7
S2979,15,7,11,15,12,17,17,6
S2980,20,8,12,15,13,16,17,8
S2981,15,6,13,15,12,15,17,7
S2982,16,8,14,15,13,17,17,6
S2983,17,7,13,15,12,18,17,8
S2984,18,8,12,15,13,19,17,7
S2985,19,6,11,15,12,18,17,6
S2986,20,8,11,18,13,20,17,8
S2987,19,7,12,18,12,19,17,7
S2988,18,8,13,18,13,18,17,6
S2989,17,6,14,18,12,17,17,8
S2990,16,8,13,18,13,16,17,7
S2991,15,7,12,18,12,15,17,6
S2992,20,8,11,18,13,17,17,8
S2993,15,6,12,18,12,18,17,7
S2994,16,8,11,18,13,19,17,6
S2995,17,7,11,18,12,18,17,8
S2996,18,8,12,18,13,20,17,7
S2997,19,6,13,18,12,19,17,6
S2998,20,8,14,18,13,18,17,8
S2999,16,9,13,18,14,17,17,9
S3000,18,7,12,18,11,16,17,6
S3001,12,5,7,20,5,16,20,5
S3002,11,6,6,17,9,15,19,6
S3003,13,7,5,16,7,17,18,7
S3004,14,5,8,19,6,18,17,5
S3005,11,6,9,15,6,20,16,6
S3006,12,7,6,18,7,16,15,7
S3007,11,5,5,19,5,15,20,5
S3008,13,6,9,16,9,17,19,6
S3009,14,7,7,17,7,18,18,7
S3010,11,8,6,16,6,20,17,8
S3011,12,9,5,19,6,16,16,9
S3012,11,10,9,15,7,15,15,10
S3013,13,8,6,18,5,17,20,8
S3014,14,9,5,19,9,18,19,9
S3015,11,10,9,16,7,20,18,10
S3016,12,8,9,17,6,16,17,8
S3017,11,9,6,16,6,15,16,9
S3018,13,10,5,19,6,17,15,10
S3019,14,8,9,15,6,18,20,8
S3020,11,9,7,18,5,20,19,9
S3021,12,10,6,19,9,16,18,10
S3022,11,6,6,16,7,15,17,6
S3023,13,6,9,17,6,17,16,6
S3024,14,6,6,16,6,18,15,6
S3025,11,6,5,19,5,20,20,6
S3026,12,6,9,15,9,16,19,6
S3027,11,6,7,18,7,15,18,6
S3028,13,6,6,19,6,17,17,6
S3029,14,6,6,16,6,18,16,6
S3030,11,5,9,20,6,20,15,9
S3031,12,9,6,19,6,16,20,6
S3032,11,7,5,18,9,15,19,5
S3033,13,6,9,17,9,17,18,9
S3034,14,6,7,15,9,18,17,7
S3035,11,7,9,16,9,20,16,7
S3036,12,8,9,15,9,16,15,8
S3037,11,8,9,20,9,15,20,8
S3038,13,8,9,19,9,17,19,8
S3039,14,8,6,18,9,18,18,8
S3040,11,8,5,17,9,20,17,8
S3041,12,8,9,15,9,16,16,8
S3042,11,8,7,16,9,15,15,8
S3043,13,8,8,15,10,17,20,8
S3044,14,9,7,20,8,18,19,9
S3045,11,9,6,19,7,20,18,9
S3046,12,9,5,18,6,16,17,9
S3047,11,9,9,17,5,15,16,9
S3048,13,9,8,15,10,17,15,9
S3049,14,9,7,16,9,18,17,9
S3050,11,9,5,15,7,20,15,9
S3051,11,5,12,11,12,5,18,20
S3052,12,6,12,12,12,6,19,20
S3053,13,7,13,13,12,7,20,20
S3054,14,5,13,14,12,8,17,15
S3055,11,6,14,11,12,9,16,18
S3056,12,7,14,11,12,10,15,19
S3057,13,5,11,12,12,9,18,20
S3058,14,6,11,12,12,8,19,17
S3059,11,7,12,14,12,7,20,20
S3060,12,8,12,11,12,6,17,15
S3061,13,9,13,12,12,5,16,18
S3062,14,10,13,11,12,5,15,19
S3063,11,8,14,14,12,6,18,20
S3064,12,9,14,11,12,7,19,17
S3065,13,10,11,12,12,8,20,20
S3066,14,8,11,11,12,9,17,15
S3067,11,9,12,14,12,10,16,18
S3068,12,10,12,11,12,9,15,19
S3069,13,8,13,12,14,8,20,20
S3070,14,9,13,11,14,7,15,17
S3071,11,10,14,11,14,6,18,19
S3072,12,6,14,11,14,5,19,15
S3073,13,5,11,14,14,5,20,18
S3074,14,5,11,11,14,6,17,19
S3075,11,6,12,12,14,7,20,20
S3076,12,7,12,12,14,8,15,17
S3077,13,8,13,12,14,9,18,19
S3078,14,6,13,12,14,10,19,15
S3079,11,6,14,14,14,9,20,18
S3080,12,6,14,11,14,8,17,19
S3081,13,5,11,12,14,7,20,20
S3082,14,5,11,12,11,6,15,17
S3083,11,6,12,12,11,5,18,19
S3084,12,7,12,12,11,5,19,15
S3085,13,8,13,12,11,6,20,18
S3086,14,8,13,12,11,7,17,19
S3087,11,6,14,12,11,8,19,20
S3088,12,5,14,12,11,9,15,17
S3089,13,5,11,13,11,10,18,15
S3090,14,6,11,13,11,9,19,15
S3091,11,7,12,13,11,8,20,15
S3092,12,8,12,13,11,7,17,18
S3093,13,8,13,13,11,6,15,19
S3094,14,9,13,13,11,5,18,20
S3095,11,6,14,13,11,10,19,17
S3096,12,5,14,13,11,9,20,15
S3097,13,5,11,13,11,8,17,18
S3098,14,6,11,13,11,7,19,19
S3099,11,7,11,13,11,6,18,20
S3100,12,8,11,13,11,5,16,17
S3101,15,12,18,11,12,20,5,5
S3102,18,13,19,12,12,20,6,6
S3103,19,14,20,13,12,20,7,7
S3104,20,11,17,14,12,20,5,5
S3105,17,12,16,13,12,20,6,6
S3106,20,13,15,12,12,20,8,7
S3107,15,14,18,11,12,20,9,5
S3108,18,11,19,11,12,20,10,6
S3109,19,12,20,12,12,20,8,7
S3110,20,13,17,13,12,20,9,8
S3111,17,14,16,14,12,20,10,9
S3112,15,11,15,13,12,20,8,10
S3113,18,12,18,12,12,20,9,8
S3114,19,13,19,11,12,20,10,9
S3115,20,14,20,11,12,20,8,10
S3116,17,11,17,12,12,20,9,8
S3117,19,12,16,13,12,19,10,9
S3118,19,13,15,14,12,19,8,10
S3119,19,14,20,13,14,19,9,8
S3120,15,11,19,12,14,19,10,9
S3121,18,12,15,11,14,19,8,10
S3122,19,13,18,11,14,19,9,6
S3123,20,14,19,12,14,19,10,6
S3124,17,11,20,13,14,19,6,7
S3125,19,12,20,14,14,19,8,5
S3126,15,13,20,13,14,19,9,6
S3127,18,14,19,12,14,19,10,8
S3128,19,11,15,11,14,19,8,6
S3129,20,12,18,11,14,19,9,5
S3130,17,13,19,12,14,19,10,7
S3131,19,14,20,13,14,19,6,5
S3132,15,11,19,14,11,19,8,6
S3133,18,12,20,13,12,19,9,8
S3134,19,13,20,12,11,19,10,7
S3135,20,14,19,11,12,15,8,7
S3136,17,11,19,11,11,15,9,5
S3137,15,12,19,12,13,15,10,6
S3138,15,13,19,13,11,15,9,8
S3139,15,14,19,14,11,15,9,7
S3140,15,11,15,13,14,15,9,5
S3141,18,12,18,12,11,15,9,6
S3142,19,13,18,11,11,15,9,8
S3143,20,14,19,11,11,15,7,8
S3144,17,11,19,12,13,15,5,9
S3145,15,12,19,13,11,15,6,7
S3146,18,13,15,14,11,15,7,5
S3147,19,14,18,13,11,15,5,6
S3148,20,11,19,12,11,15,6,8
S3149,17,12,19,11,11,15,8,9
S3150,15,11,16,12,11,15,9,6
S3151,20,19,15,12,5,11,12,6
S3152,19,19,16,11,6,11,12,7
S3153,18,19,17,13,7,11,12,5
S3154,17,19,18,14,5,11,12,6
S3155,16,19,20,12,6,11,12,6
S3156,15,19,19,12,7,11,12,7
S3157,19,19,16,12,5,11,12,5
S3158,18,19,17,12,6,11,12,6
S3159,17,19,18,12,7,11,12,6
S3160,16,19,19,12,8,11,12,7
S3161,20,19,15,12,9,11,12,5
S3162,19,19,16,12,10,11,12,6
S3163,18,19,17,12,8,11,12,7
S3164,17,19,18,12,9,11,12,6
S3165,16,19,20,12,10,11,12,7
S3166,15,19,19,12,8,11,12,5
S3167,19,19,16,12,9,11,12,6
S3168,18,19,17,12,10,11,12,6
S3169,17,19,18,14,8,11,14,7
S3170,16,19,19,14,9,11,14,5
S3171,20,19,15,14,8,11,14,6
S3172,19,17,16,14,9,11,14,10
S3173,18,16,17,14,6,12,14,8
S3174,17,15,18,14,10,12,14,9
S3175,16,20,20,14,8,12,14,6
S3176,15,19,19,14,9,12,14,10
S3177,19,19,16,14,6,12,14,8
S3178,18,19,17,14,8,12,14,9
S3179,17,19,18,14,9,12,14,10
S3180,16,19,19,14,6,12,14,8
S3181,20,17,15,14,10,12,14,9
S3182,19,16,16,11,8,12,11,9
S3183,18,15,17,11,9,12,11,10
S3184,17,20,18,11,7,12,11,8
S3185,16,19,20,11,7,12,11,9
S3186,15,19,19,11,8,12,11,10
S3187,19,19,16,11,9,12,11,8
S3188,18,19,17,11,6,12,11,9
S3189,17,19,18,11,10,13,11,10
S3190,16,17,19,11,8,13,11,8
S3191,20,16,15,11,9,13,11,9
S3192,19,15,15,11,8,13,11,9
S3193,18,20,16,11,8,13,11,8
S3194,17,20,17,11,9,13,11,9
S3195,16,20,18,11,6,13,11,6
S3196,15,20,20,11,10,13,11,10
S3197,19,20,19,11,8,13,11,8
S3198,18,20,16,11,9,13,11,9
S3199,17,20,17,11,7,13,11,10
S3200,16,20,18,11,8,13,11,7
S3201,12,14,11,17,7,15,20,5
S3202,13,11,12,16,6,16,19,6
S3203,14,13,13,20,5,17,18,7
S3204,11,12,12,19,8,18,17,5
S3205,12,13,13,18,9,19,16,6
S3206,13,12,14,17,10,20,20,7
S3207,12,11,11,16,9,15,15,5
S3208,13,14,12,15,8,16,16,6
S3209,14,11,13,19,6,17,17,7
S3210,11,13,12,18,7,18,18,8
S3211,12,12,13,17,7,19,19,9
S3212,13,13,14,16,6,20,20,10
S3213,12,11,11,20,5,15,19,8
S3214,13,14,12,19,8,16,18,9
S3215,14,11,13,18,9,17,17,10
S3216,11,13,12,17,10,18,16,8
S3217,12,12,13,16,9,19,20,9
S3218,13,13,14,15,8,20,15,10
S3219,12,11,11,19,6,15,16,8
S3220,13,14,12,18,7,16,17,9
S3221,14,11,13,17,7,17,18,10
S3222,11,13,12,16,6,18,19,8
S3223,12,12,13,20,5,19,20,9
S3224,13,13,14,19,8,20,19,10
S3225,12,12,11,18,9,15,18,8
S3226,13,14,12,17,10,16,17,9
S3227,14,11,13,16,9,17,16,6
S3228,11,13,12,15,8,18,20,6
S3229,12,12,13,19,6,19,15,10
S3230,13,13,14,18,7,20,16,8
S3231,12,14,11,17,7,15,17,9
S3232,13,11,12,16,6,16,18,10
S3233,14,13,13,20,5,17,19,8
S3234,11,12,12,19,8,18,20,9
S3235,12,13,13,18,9,19,19,7
S3236,13,12,14,17,10,20,18,10
S3237,12,14,11,16,9,15,17,8
S3238,13,11,12,15,8,16,16,9
S3239,14,13,13,19,6,17,20,10
S3240,11,12,12,18,7,18,15,8
S3241,12,13,13,17,7,19,16,9
S3242,13,14,14,16,6,20,20,8
S3243,12,11,11,17,5,15,19,10
S3244,13,13,12,16,8,16,18,8
S3245,14,12,13,15,9,17,17,9
S3246,11,14,12,19,10,18,16,10
S3247,12,11,13,18,9,19,20,8
S3248,13,13,14,17,8,20,15,9
S3249,14,12,13,16,6,18,16,7
S3250,12,13,14,15,7,19,17,8
S3251,11,5,7,18,15,7,19,12
S3252,13,6,7,19,16,7,19,13
S3253,14,7,8,20,17,7,20,14
S3254,12,8,9,17,18,7,17,11
S3255,13,9,10,16,19,7,16,12
S3256,11,8,6,15,20,7,15,13
S3257,13,7,7,18,15,7,18,12
S3258,14,6,8,19,16,7,19,13
S3259,12,5,9,20,17,7,20,14
S3260,13,5,7,17,18,7,17,11
S3261,11,6,8,16,19,7,16,12
S3262,13,7,9,15,20,7,15,13
S3263,14,8,10,18,15,7,18,12
S3264,12,9,6,19,16,7,19,13
S3265,13,8,7,20,17,7,20,14
S3266,11,7,8,17,18,7,17,11
S3267,13,6,9,16,19,7,16,12
S3268,14,5,7,15,20,6,15,13
S3269,12,5,8,17,15,6,20,12
S3270,13,6,9,16,16,6,16,13
S3271,11,7,10,15,17,6,15,14
S3272,13,8,6,18,18,6,19,11
S3273,14,9,7,19,19,6,17,12
S3274,12,8,8,20,20,6,20,13
S3275,13,7,9,17,15,6,16,12
S3276,11,6,7,16,16,6,15,13
S3277,13,5,8,15,17,6,19,14
S3278,14,5,9,17,18,6,17,11
S3279,12,6,10,16,19,6,20,12
S3280,13,7,6,15,20,6,16,13
S3281,11,8,7,18,15,6,15,12
S3282,13,9,8,19,16,9,19,13
S3283,14,8,9,20,17,9,17,14
S3284,12,7,7,17,18,9,16,11
S3285,13,6,8,16,19,9,15,12
S3286,11,5,9,15,20,9,19,13
S3287,13,9,10,19,15,9,17,12
S3288,14,5,6,17,16,9,19,13
S3289,12,6,7,16,17,9,19,14
S3290,13,7,8,15,18,9,19,11
S3291,11,8,9,18,19,9,16,12
S3292,13,9,7,19,20,9,15,13
S3293,14,8,8,20,15,10,19,12
S3294,12,7,9,17,16,10,17,13
S3295,13,6,10,16,17,10,19,14
S3296,11,8,6,15,18,10,16,11
S3297,13,7,7,16,19,10,15,12
S3298,14,6,8,15,15,10,19,13
S3299,12,5,9,19,19,10,17,14
S3300,13,10,10,17,20,10,19,12
S3301,11,7,12,13,7,18,12,15
S3302,13,6,12,14,9,19,12,16
S3303,14,5,12,12,8,20,12,17
S3304,12,6,12,13,6,17,12,18
S3305,13,7,12,11,5,16,12,19
S3306,11,8,12,13,10,15,12,20
S3307,13,9,12,14,7,18,12,15
S3308,14,8,12,13,5,19,12,16
S3309,12,7,12,14,8,20,12,17
S3310,13,6,13,12,9,17,13,18
S3311,11,8,13,13,5,16,13,19
S3312,13,7,13,11,8,15,13,20
S3313,14,6,13,13,6,18,13,15
S3314,12,7,13,14,5,19,13,16
S3315,13,5,13,13,10,20,13,17
S3316,11,6,13,14,7,17,13,18
S3317,13,7,13,12,5,16,13,19
S3318,14,8,13,13,8,15,13,20
S3319,12,9,13,11,6,20,13,15
S3320,13,8,14,13,5,20,14,16
S3321,11,7,14,14,10,15,14,17
S3322,13,6,14,13,7,16,14,18
S3323,12,8,14,14,5,17,14,19
S3324,13,7,14,12,6,18,14,20
S3325,14,6,14,13,8,19,14,15
S3326,12,6,14,11,6,20,14,16
S3327,13,5,14,13,5,20,14,17
S3328,11,6,14,14,10,15,14,18
S3329,13,7,14,13,7,16,14,19
S3330,14,8,14,14,5,17,14,20
S3331,12,9,14,12,6,18,14,15
S3332,13,8,14,13,9,19,14,16
S3333,11,7,14,11,8,20,14,17
S3334,13,6,14,13,6,20,14,18
S3335,14,8,11,14,5,15,11,19
S3336,12,7,11,13,10,16,11,20
S3337,13,6,11,14,7,17,11,15
S3338,11,9,11,12,5,18,11,16
S3339,13,5,11,13,9,19,11,17
S3340,14,6,11,11,8,19,11,18
S3341,12,7,11,13,6,19,11,19
S3342,13,8,11,14,5,20,11,20
S3343,11,9,11,13,10,15,11,15
S3344,13,8,11,14,7,16,11,16
S3345,14,7,12,12,8,17,12,17
S3346,12,6,12,13,6,20,12,18
S3347,13,8,12,11,5,15,12,19
S3348,11,7,12,13,10,16,12,20
S3349,13,6,12,14,7,17,12,19
S3350,11,10,12,13,5,18,12,20
S3351,19,6,20,11,12,19,11,6
S3352,18,9,19,12,11,18,12,5
S3353,17,8,18,12,13,19,12,6
S3354,16,6,17,11,14,18,11,9
S3355,15,5,16,14,12,17,14,8
S3356,20,6,15,13,13,16,13,6
S3357,19,9,20,11,11,19,11,5
S3358,18,8,19,12,13,18,12,6
S3359,19,6,18,12,14,19,12,9
S3360,18,5,17,11,12,18,11,8
S3361,17,6,16,14,13,17,14,6
S3362,16,9,15,13,11,16,13,5
S3363,15,8,20,11,13,19,11,6
S3364,20,6,19,12,14,18,12,9
S3365,19,5,18,12,12,19,12,8
S3366,18,6,17,11,13,18,11,6
S3367,19,9,16,14,11,17,14,5
S3368,18,8,15,13,13,16,13,6
S3369,17,6,20,11,14,20,11,9
S3370,16,6,19,12,12,19,12,8
S3371,15,9,18,12,13,18,12,6
S3372,20,8,17,11,11,19,11,5
S3373,19,6,16,14,13,18,14,6
S3374,18,5,15,13,12,17,13,9
S3375,19,6,20,11,13,16,11,8
S3376,18,9,19,12,14,19,12,7
S3377,17,8,18,12,12,18,12,6
S3378,16,6,17,11,13,19,11,5
S3379,15,5,16,14,11,18,14,6
S3380,20,6,15,13,13,17,13,9
S3381,19,9,20,11,14,16,11,8
S3382,18,8,19,12,12,19,12,9
S3383,19,6,18,12,13,18,12,6
S3384,18,5,17,11,11,19,11,5
S3385,17,6,16,14,13,18,14,6
S3386,16,9,15,13,14,17,13,9
S3387,15,8,20,11,12,16,11,8
S3388,20,6,19,12,13,19,12,9
S3389,19,8,18,12,11,18,12,6
S3390,18,6,17,11,13,19,11,5
S3391,19,5,16,14,14,18,14,6
S3392,18,6,15,13,12,17,13,9
S3393,17,9,20,11,13,16,11,8
S3394,16,8,19,12,11,19,12,6
S3395,15,6,18,12,13,18,12,5
S3396,20,8,17,11,14,19,11,6
S3397,19,7,16,14,12,18,14,9
S3398,16,7,15,13,13,17,13,8
S3399,18,7,17,12,11,16,12,5
S3400,17,7,16,13,13,15,13,6
S3401,5,5,20,17,12,19,11,11
S3402,6,5,19,18,11,17,12,13
S3403,9,6,18,20,13,18,12,14
S3404,8,9,17,19,14,20,11,11
S3405,5,8,16,18,11,17,14,12
S3406,6,7,15,17,12,18,13,11
S3407,9,6,20,16,11,20,11,13
S3408,8,5,19,15,13,19,12,14
S3409,6,6,18,20,14,17,12,11
S3410,5,8,17,19,11,18,11,12
S3411,5,8,16,18,12,20,14,11
S3412,6,8,15,17,11,17,13,13
S3413,9,5,20,16,13,18,11,14
S3414,8,6,19,15,14,20,12,11
S3415,5,9,18,20,11,19,12,12
S3416,5,8,17,19,12,17,11,13
S3417,6,6,16,18,11,18,14,11
S3418,9,5,15,17,13,20,13,13
S3419,5,5,20,16,14,17,11,14
S3420,6,6,19,15,11,18,12,11
S3421,9,9,18,20,12,20,12,12
S3422,8,8,17,19,11,19,11,14
S3423,7,6,16,18,13,17,14,11
S3424,6,5,15,17,14,18,13,13
S3425,5,10,20,16,11,20,11,14
S3426,6,5,19,15,12,17,12,11
S3427,5,6,18,20,11,18,12,12
S3428,6,9,17,19,13,20,11,14
S3429,9,8,16,18,14,19,14,11
S3430,8,6,15,17,11,17,13,13
S3431,7,5,20,16,12,18,11,14
S3432,6,5,19,15,11,20,12,11
S3433,5,6,18,20,13,17,12,12
S3434,6,9,17,19,14,18,11,14
S3435,5,8,16,18,11,20,14,11
S3436,6,6,15,17,12,19,13,13
S3437,9,5,20,16,11,17,11,14
S3438,8,9,19,15,13,18,12,11
S3439,7,6,18,20,14,20,12,12
S3440,6,9,17,19,11,17,11,11
S3441,5,8,16,18,12,18,14,11
S3442,6,6,15,17,11,20,13,13
S3443,5,5,20,16,13,19,11,14
S3444,6,9,19,15,14,17,12,11
S3445,9,9,18,20,11,18,12,11
S3446,8,8,17,19,12,20,11,13
S3447,7,6,16,18,11,17,14,14
S3448,6,5,15,17,13,18,13,11
S3449,5,9,17,16,14,20,12,12
S3450,6,5,16,15,11,17,13,14
S3451,7,6,20,20,11,19,11,11
S3452,6,7,19,19,12,19,13,12
S3453,5,6,18,18,12,18,14,12
S3454,6,5,17,17,11,18,11,11
S3455,5,8,16,16,14,17,12,14
S3456,6,9,15,15,13,17,11,13
S3457,9,7,20,20,11,16,13,11
S3458,8,6,19,19,12,16,14,12
S3459,7,5,20,18,12,15,11,12
S3460,6,8,19,17,11,15,11,11
S3461,5,9,18,16,14,19,13,14
S3462,6,7,17,15,13,19,14,13
S3463,5,6,16,20,11,18,11,11
S3464,6,5,15,19,12,18,12,12
S3465,9,8,20,18,12,17,11,12
S3466,8,9,20,17,11,17,13,11
S3467,7,7,19,16,14,16,14,14
S3468,6,6,18,15,13,16,11,13
S3469,5,5,17,20,11,15,11,11
S3470,6,8,16,19,12,15,13,12
S3471,5,9,15,18,12,19,14,12
S3472,6,7,20,17,11,19,11,11
S3473,9,6,20,16,14,18,12,14
S3474,8,5,19,15,13,18,11,13
S3475,7,8,18,20,11,17,13,11
S3476,6,9,17,19,12,17,14,12
S3477,5,7,16,18,12,16,11,12
S3478,6,6,15,17,11,16,11,11
S3479,5,5,20,16,14,15,13,14
S3480,6,8,20,15,13,15,14,13
S3481,9,9,19,20,11,19,11,11
S3482,8,7,18,19,12,19,12,12
S3483,7,6,17,18,12,18,11,12
S3484,6,5,16,17,11,18,13,11
S3485,5,8,15,16,14,17,14,14
S3486,6,9,20,15,13,17,11,13
S3487,5,7,20,20,11,19,11,11
S3488,6,6,20,19,12,19,13,12
S3489,9,5,19,18,12,18,14,12
S3490,8,8,18,17,11,18,11,11
S3491,7,9,17,16,14,17,12,14
S3492,6,7,16,15,13,17,11,13
S3493,5,6,15,20,11,16,13,11
S3494,6,5,20,19,12,16,14,12
S3495,5,8,20,18,12,15,12,12
S3496,6,9,19,17,11,15,11,11
S3497,9,8,18,16,14,19,13,14
S3498,8,5,17,15,13,19,14,13
S3499,5,9,16,17,12,18,12,12
S3500,7,8,15,16,13,18,13,13
S3501,5,9,19,20,12,17,11,12
S3502,8,8,18,19,12,20,12,12
S3503,9,7,17,18,12,20,12,12
S3504,8,6,16,17,12,20,11,12
S3505,5,5,15,16,12,20,14,12
S3506,9,6,20,15,12,20,13,12
S3507,8,5,19,20,12,20,11,12
S3508,6,6,18,19,12,20,12,12
S3509,9,8,17,18,12,20,12,12
S3510,8,9,19,17,13,20,11,13
S3511,7,8,19,16,13,20,14,13
S3512,6,5,18,15,13,20,13,13
S3513,5,9,17,20,13,20,11,13
S3514,6,8,16,19,13,20,12,13
S3515,5,9,15,18,13,20,12,13
S3516,6,8,20,17,13,20,11,13
S3517,9,7,19,16,13,20,14,13
S3518,8,6,18,15,13,20,13,13
S3519,5,5,17,20,13,20,11,13
S3520,9,6,19,19,14,20,12,14
S3521,8,5,18,18,14,18,12,14
S3522,5,6,17,17,14,18,11,14
S3523,5,8,16,16,14,18,14,14
S3524,5,9,15,15,14,18,13,14
S3525,5,8,20,20,14,18,11,14
S3526,8,5,19,19,14,18,12,14
S3527,8,9,18,18,14,18,12,14
S3528,8,8,17,17,14,18,11,14
S3529,5,9,19,16,14,18,14,14
S3530,8,8,19,15,14,18,13,14
S3531,9,7,18,20,14,18,11,14
S3532,8,6,17,19,14,15,12,14
S3533,5,5,16,18,14,15,12,14
S3534,9,6,15,17,14,15,11,14
S3535,8,5,20,16,11,15,14,11
S3536,9,6,19,15,11,15,13,11
S3537,8,8,18,20,11,15,11,11
S3538,7,9,17,19,11,16,12,11
S3539,6,8,19,18,11,16,12,11
S3540,5,5,18,17,11,16,11,11
S3541,6,9,17,16,11,16,14,11
S3542,5,8,16,15,11,16,13,11
S3543,6,9,15,20,11,16,11,11
S3544,8,8,20,19,11,16,12,11
S3545,9,7,19,18,12,16,12,12
S3546,8,6,18,17,12,16,11,12
S3547,5,5,17,16,12,16,14,12
S3548,9,6,18,15,12,16,13,12
S3549,8,5,17,17,12,16,12,12
S3550,7,6,20,16,12,16,13,12
S3551,5,5,20,11,12,15,13,12
S3552,6,5,19,12,14,16,11,12
S3553,7,6,17,11,13,17,12,12
S3554,8,6,19,12,11,18,14,12
S3555,9,7,20,11,12,19,13,13
S3556,10,7,19,12,14,15,13,11
S3557,5,8,17,13,13,16,13,12
S3558,6,8,19,14,11,17,13,14
S3559,7,9,20,11,12,18,13,12
S3560,8,9,19,12,14,19,11,12
S3561,9,5,17,11,13,15,12,12
S3562,10,5,19,12,11,16,14,12
S3563,5,6,20,13,12,17,11,13
S3564,6,6,19,14,14,18,11,11
S3565,7,7,17,11,13,19,11,12
S3566,8,7,19,12,11,15,11,14
S3567,9,8,15,11,12,16,13,13
S3568,10,8,16,12,14,17,11,13
S3569,5,9,17,13,13,18,12,13
S3570,6,9,18,14,11,19,14,13
S3571,7,5,15,11,12,15,12,13
S3572,8,5,16,12,14,16,12,11
S3573,9,6,17,11,13,17,12,12
S3574,10,6,18,12,11,18,12,14
S3575,5,7,15,13,12,19,13,11
S3576,6,7,16,14,14,15,11,11
S3577,7,8,17,11,13,16,12,11
S3578,8,8,18,12,11,17,14,11
S3579,9,9,15,11,12,18,12,13
S3580,10,9,16,12,14,19,12,11
S3581,5,5,17,13,13,15,12,12
S3582,6,5,18,14,11,16,12,14
S3583,7,6,15,11,12,17,13,12
S3584,8,6,16,12,14,18,11,12
S3585,9,7,17,11,13,19,12,12
S3586,10,7,18,12,11,15,14,12
S3587,5,8,15,13,12,16,11,13
S3588,6,8,16,14,14,17,11,11
S3589,7,9,17,11,13,18,11,12
S3590,8,9,18,12,11,19,11,14
S3591,9,5,18,11,12,15,13,12
S3592,10,5,15,12,14,16,11,12
S3593,5,6,16,13,13,17,12,12
S3594,6,6,17,14,11,18,14,12
S3595,7,7,18,11,12,19,14,13
S3596,8,7,15,12,14,15,14,11
S3597,9,8,16,11,13,16,14,12
S3598,10,8,17,12,11,17,14,14
S3599,6,9,19,13,13,18,13,11
S3600,8,9,18,14,14,19,14,11
