category,job_title,num_skills,description_length,posting_count
Business Development,100% Remote | Business Development Manager - B2B Sales | Commission-Based with High Earning Potential,10,2213,1
Business Development,"Account Executive, New Business Development, HEOR & Market Access",19,3421,1
Business Development,Area Director Business Development,20,8957,1
Business Development,"Associate, Corporate Business Development",16,7501,1
Business Development,Business Development,14,3092,1
Business Development,Business Development & Community Relations Manager,12,2778,1
Business Development,Business Development & Growth,16,4128,1
Business Development,Business Development (1+ years sales exp req),17,1932,1
Business Development,Business Development (Sales) Manager,14,1981,2
Business Development,Business Development (Sales) Manager,13,2060,2
Business Development,Business Development - Refined Sugars/Liquid Sugar/Beverage ONLY,12,818,1
Business Development,Business Development Assistant,19,2933,1
Business Development,Business Development Assistant - Grocery,18,4029,1
Business Development,Business Development Associate,16,1565,5
Business Development,Business Development Associate,14,3082,5
Business Development,Business Development Associate,14,4583,5
Business Development,Business Development Associate,15,2771,5
Business Development,Business Development Associate,15,2263,5
Business Development,Business Development Associate / Physician Liaison,15,2184,1
Business Development,Business Development Associate – Acquisitions,14,4043,1
Business Development,Business Development Center Representative,8,1062,2
Business Development,Business Development Center Representative,5,209,2
Business Development,Business Development Consultant,14,4927,1
Business Development,Business Development Coordinator,14,3106,1
Business Development,Business Development Director,17,4163,2
Business Development,Business Development Director,19,5043,2
Business Development,Business Development Executive,16,2057,6
Business Development,Business Development Executive,11,1105,6
Business Development,Business Development Executive,16,2046,6
Business Development,Business Development Executive,9,1278,6
Business Development,Business Development Executive,21,4167,6
Business Development,Business Development Executive,15,1569,6
Business Development,Business Development Executive (Delaware & Maryland),14,3114,1
Business Development,Business Development Executive - Omaha,10,577,1
Business Development,Business Development Executive BPO - Hi Tech/New Age,31,5773,1
Business Development,"Business Development Executive- Carlisle, PA",10,584,1
Business Development,Business Development Intern,14,1800,2
Business Development,Business Development Intern,12,5167,2
Business Development,Business Development Intern (Remote),13,1405,1
Business Development,Business Development Manager,13,883,53
Business Development,Business Development Manager,15,1987,53
Business Development,Business Development Manager,22,4175,53
Business Development,Business Development Manager,16,3645,53
Business Development,Business Development Manager,15,1787,53
Business Development,Business Development Manager,25,2957,53
Business Development,Business Development Manager,20,5043,53
Business Development,Business Development Manager,16,3709,53
Business Development,Business Development Manager,20,5236,53
Business Development,Business Development Manager,14,1824,53
Business Development,Business Development Manager,14,5125,53
Business Development,Business Development Manager,14,3032,53
Business Development,Business Development Manager,22,3791,53
Business Development,Business Development Manager,14,1975,53
Business Development,Business Development Manager,20,3159,53
Business Development,Business Development Manager,20,3161,53
Business Development,Business Development Manager,21,3643,53
Business Development,Business Development Manager,16,2311,53
Business Development,Business Development Manager,21,2662,53
Business Development,Business Development Manager,21,2634,53
Business Development,Business Development Manager,17,1945,53
Business Development,Business Development Manager,14,3426,53
Business Development,Business Development Manager,17,3505,53
Business Development,Business Development Manager,18,5709,53
Business Development,Business Development Manager,19,5365,53
Business Development,Business Development Manager,19,1765,53
Business Development,Business Development Manager,18,4916,53
Business Development,Business Development Manager,15,2703,53
Business Development,Business Development Manager,23,2922,53
Business Development,Business Development Manager,17,3560,53
Business Development,Business Development Manager,18,2153,53
Business Development,Business Development Manager,12,2797,53
Business Development,Business Development Manager,20,2979,53
Business Development,Business Development Manager,18,3407,53
Business Development,Business Development Manager,18,3795,53
Business Development,Business Development Manager,20,7393,53
Business Development,Business Development Manager,17,3693,53
Business Development,Business Development Manager,23,3493,53
Business Development,Business Development Manager,17,3602,53
Business Development,Business Development Manager,10,799,53
Business Development,Business Development Manager,20,4344,53
Business Development,Business Development Manager,15,2890,53
Business Development,Business Development Manager,19,2482,53
Business Development,Business Development Manager,20,2807,53
Business Development,Business Development Manager,20,4480,53
Business Development,Business Development Manager,21,9435,53
Business Development,Business Development Manager,20,4167,53
Business Development,Business Development Manager,20,4131,53
Business Development,Business Development Manager,20,2997,53
Business Development,Business Development Manager,18,4926,53
Business Development,Business Development Manager,16,4343,53
Business Development,Business Development Manager,18,4935,53
Business Development,Business Development Manager,16,4918,53
Business Development,Business Development Manager ($75k-$120k+),15,3063,1
Business Development,Business Development Manager (Health & Life Sciences),15,6007,1
Business Development,"Business Development Manager (Industrial) - Toronto, Ontario - Canada",20,6023,1
Business Development,Business Development Manager (Remote),17,2042,1
Business Development,Business Development Manager (Seattle or Portland),15,3023,1
Business Development,Business Development Manager (Stability Storage),19,5671,1
Business Development,Business Development Manager - Audio North America,24,5215,1
Business Development,Business Development Manager - Automotive F&I,20,7004,1
Business Development,Business Development Manager - Dallas/Fort Worth,30,4037,1
Business Development,Business Development Manager - Defense Segment,17,5392,1
Business Development,Business Development Manager - Litigation,18,5570,1
Business Development,Business Development Manager - New York,20,3139,1
Business Development,Business Development Manager - Power Generation,22,4781,1
Business Development,Business Development Manager - Private Equity,20,7173,1
Business Development,Business Development Manager - US,14,5975,1
Business Development,Business Development Manager - Utility Billing Software - Remote,18,3042,1
Business Development,Business Development Manager - VMS/MSP,14,3897,1
Business Development,Business Development Manager - Work Remotely,11,2248,1
Business Development,Business Development Manager Healthcare,8,2211,1
Business Development,"Business Development Manager, Caribbean and Latin America (Spanish speaking)",19,8194,1
Business Development,"Business Development Manager, Facial- Allergan Aesthetics Sugar Land, TX",21,5750,1
Business Development,"Business Development Manager, Grasslands",22,4709,1
Business Development,Business Development Officer NY/NJ,16,3061,1
Business Development,Business Development Representative,17,3530,33
Business Development,Business Development Representative,16,4494,33
Business Development,Business Development Representative,17,4745,33
Business Development,Business Development Representative,12,6326,33
Business Development,Business Development Representative,17,3508,33
Business Development,Business Development Representative,17,3679,33
Business Development,Business Development Representative,14,2000,33
Business Development,Business Development Representative,11,1740,33
Business Development,Business Development Representative,18,4335,33
Business Development,Business Development Representative,18,2508,33
Business Development,Business Development Representative,11,3713,33
Business Development,Business Development Representative,16,4066,33
Business Development,Business Development Representative,11,1397,33
Business Development,Business Development Representative,19,3404,33
Business Development,Business Development Representative,16,3111,33
Business Development,Business Development Representative,19,2347,33
Business Development,Business Development Representative,21,4765,33
Business Development,Business Development Representative,10,1006,33
Business Development,Business Development Representative,13,4818,33
Business Development,Business Development Representative,12,4808,33
Business Development,Business Development Representative,13,3094,33
Business Development,Business Development Representative,14,3172,33
Business Development,Business Development Representative,16,2533,33
Business Development,Business Development Representative,15,1948,33
Business Development,Business Development Representative,10,1046,33
Business Development,Business Development Representative,19,2851,33
Business Development,Business Development Representative,18,2896,33
Business Development,Business Development Representative,14,2941,33
Business Development,Business Development Representative,24,2034,33
Business Development,Business Development Representative,8,2077,33
Business Development,Business Development Representative,14,1592,33
Business Development,Business Development Representative,11,946,33
Business Development,Business Development Representative,16,2650,33
Business Development,Business Development Representative (BDR) - Lead Finder,14,3556,1
Business Development,Business Development Representative - First Aid & Safety,14,4034,1
Business Development,Business Development Representative - PCA Skin & EltaMD - Hudson Valley,19,8178,1
Business Development,"Business Development Representative / Phila., PA Area",20,4913,1
Business Development,"Business Development Representative, Legal",17,2346,1
Business Development,Business Development Senior Associate- Remote/South Africa,12,2164,1
Business Development,Business Development Specialist,13,1937,7
Business Development,Business Development Specialist,14,2604,7
Business Development,Business Development Specialist,14,3434,7
Business Development,Business Development Specialist,14,942,7
Business Development,Business Development Specialist,20,2881,7
Business Development,Business Development Specialist,15,4453,7
Business Development,Business Development Specialist,7,429,7
Business Development,Business Development Specialist (Intellectual Property),19,2943,1
Business Development,Business Development Specialist (PR-1258349:MAS),12,1789,1
Business Development,Business Development Staffing Executive,15,3281,1
Business Development,Business Development Vice President - Healthcare / Pharma Vertical (Remote),18,6996,1
Business Development,Business Development and Teaming Coach,20,5472,1
Business Development,Cardiology Business Development Representative,18,7538,1
Business Development,Community Outreach Business Development Manager,18,6577,1
Business Development,Coordinator - Business Development (NY),19,4379,1
Business Development,"Director Business Development Pharma - Plainsboro, NJ",13,5007,1
Business Development,Director Of Business Development,22,2180,1
Business Development,Director of Business Development,19,1757,6
Business Development,Director of Business Development,11,1019,6
Business Development,Director of Business Development,15,4615,6
Business Development,Director of Business Development,15,3949,6
Business Development,Director of Business Development,19,2106,6
Business Development,Director of Business Development,12,1809,6
Business Development,Director of Business Development - Alliance Partnerships,20,5198,1
Business Development,"Director, Business Development",20,7726,1
Business Development,"Director, Business Development, Enterprise",20,6741,1
Business Development,"Director, Business Development, Global Commercial Oncology",25,7718,1
Business Development,"Director, NFL Partnership and Business Development",14,7200,1
Business Development,Engineering Business Development Specialist Intern,13,2631,1
Business Development,Enterprise Business Development Representative,13,2337,1
Business Development,Enterprise Business Development Representative - US,15,3492,1
Business Development,Entry-Level Business Development Representative {$72K OTE},13,1923,1
Business Development,Exciting Opportunity Alert! Business Development Manager,12,2588,1
Business Development,Food & Beverage Business Development Manager,17,7110,1
Business Development,Global Business Development Partner - 100% Remote,16,2652,1
Business Development,Head of Business Development & Investor Relations,21,4100,1
Business Development,IT Business Development Representative (MSP),19,2089,1
Business Development,Inside Business Development Manager,10,949,1
Business Development,Inside Business Development Specialist,16,2191,1
Business Development,Intern - Business Development,16,3732,1
Business Development,"Manager - Business Development - Sales (Located Virtual in CA - Sacramento, North Bay & Vacaville)",20,5958,1
Business Development,"Manager, Business Development and Accounts (PR Agency)",22,5046,1
Business Development,"Manager, Europe - Impact Investing (Business Development + Client Services)",16,7841,1
Business Development,"Manager, Partner Strategy and Business Development",20,5743,1
Business Development,"Manager/Senior Manager, Strategic Partnerships & Business Development",23,8394,1
Business Development,Marketing & Business Development Intern,15,1924,1
Business Development,National Enterprise Business Development Director,19,4544,1
Business Development,New Business Development Manager,15,3161,1
Business Development,New Business Development Representative,20,2591,2
Business Development,New Business Development Representative,20,4176,2
Business Development,"New Role! - $5M in Seed Funding! - Business Development Manager – 3PL Logistics/Warehousing Startup - $100k -$120k Base, Double OTE- Work From Home",20,4467,1
Business Development,"Partner Business Development Manager, Samsung Mobility",17,3176,1
Business Development,"Principal Business Development Specialist, Portal North Bridge",18,5147,1
Business Development,Private Client Business Development Advisor,22,3165,1
Business Development,Remote Business Development Representative,10,1640,1
Business Development,Remote Business Development Specialist,13,1780,1
Business Development,Retirement Plan Services Internal Business Development Consultant,18,6027,1
Business Development,SVP Sales & Business Development,20,9011,1
Business Development,"SVP, Business Development",20,5810,1
Business Development,Sale & Business Development Manager,18,2803,1
Business Development,Sales & Business Development Specialist-Specialty Craft Channel,14,3336,1
Business Development,"Sales Representative Business Development, Business Broker",13,1549,1
Business Development,Sales Representative/Business Development Representative - B2B (Entry Level),12,2767,1
Business Development,Sales and Business Development Leader,22,4026,1
Business Development,Senior Business Development Associate,20,6342,1
Business Development,Senior Business Development Manager - Lithium-Ion Batteries,10,1177,1
Business Development,Senior Business Development Manager – Contracted Solutions Strategy,19,5541,1
Business Development,"Senior Business Development Manager, Manufacturing Segment",19,2937,1
Business Development,Senior Director Business Development,22,3979,1
Business Development,"Senior Director, Business Development",19,5811,1
Business Development,"Senior Director, Business Development, Early Phase - US - Remote (Northeast)",15,4315,1
Business Development,Senior New Business Development Executive,16,3108,1
Business Development,Sr Business Development Executive,20,6820,1
Business Development,Sr VP of Business Development - Solar,18,2787,1
Business Development,"Sr. Business Development Manager, Amazon Air",21,5296,1
Business Development,Sr. Inside Business Development Manager (Hybrid),18,8022,1
Business Development,Summer Intern Business Development,15,1875,1
Business Development,"VP, Business Development and Strategic Partnerships",24,7656,1
Business Development,Vice President of Business Development,19,6730,4
Business Development,Vice President of Business Development,14,1486,4
Business Development,Vice President of Business Development,18,1869,4
Business Development,Vice President of Business Development,24,3982,4
Business Development,Vice President of Business Development and Sales Organization - Marketing Agency,25,4735,1
Business Development,"Vice President, Business Development - B2B Sales",24,9500,1
Business Development,"{Direct Hire, Fulltime} OEM Business Development Manager (Remote)",20,5614,1
Finance,2024 Finance Summer Internship,15,2641,1
Finance,AVP Financial Analyst - Commercial Transportation Finance,19,6853,1
Finance,"AVP, Health Plan Finance (Texas)",22,4253,1
Finance,"Account Executive, Finance Cloud",14,4067,1
Finance,Accounting & Finance Recruiting Associate,14,3187,1
Finance,"Accounting and Finance Consulting Manager, Fund Services Plus, Location Flexible",25,7550,1
Finance,Accounting and Finance Intern,16,4149,1
Finance,"Analyst, Finance Change Management",14,4836,1
Finance,"Analyst/Sr Analyst, Division Finance",15,4527,1
Finance,Area Finance Manager,15,3475,1
Finance,Assistant Director of Finance-Kimpton George Hotel,18,4441,1
Finance,Assistant Finance Director,19,1404,1
Finance,Assistant Professor of Finance,12,3875,1
Finance,Assistant Vice President Finance,17,2948,1
Finance,"Associate / Associate Director of Asset Management, Finance, and Investor Relations",23,4253,1
Finance,"Associate Director, Finance and Controlling",16,3724,1
Finance,"Associate, Strategic Finance",13,3336,1
Finance,Auditor (Accounting/Finance),19,5268,1
Finance,Auto Finance & Insurance Manager - City Auto Group,14,2253,1
Finance,Billing Analyst - Finance,18,5179,1
Finance,Client Finance Analyst I,19,5061,1
Finance,Commercial Lending and Finance Partner,8,167,1
Finance,"Consultant, Financial Services, Consumer Finance l Forensic and Litigation Consulting",18,6220,1
Finance,"Coordinator, Finance",18,5890,1
Finance,Corporate Director of Finance,22,4348,1
Finance,Corporate Finance Associate,20,4798,1
Finance,D365 F&O Finance Consultant,21,2816,1
Finance,D365 Finance Business Analyst,19,7474,1
Finance,Data Solutions Analyst II (Managed Care - Finance Focus) - R7269,17,4015,1
Finance,Director & Head of Finance,17,3131,1
Finance,Director Business Finance,18,5770,1
Finance,Director of Finance,23,2954,13
Finance,Director of Finance,28,8590,13
Finance,Director of Finance,26,5031,13
Finance,Director of Finance,23,5219,13
Finance,Director of Finance,16,2402,13
Finance,Director of Finance,17,1084,13
Finance,Director of Finance,18,3616,13
Finance,Director of Finance,23,3727,13
Finance,Director of Finance,17,976,13
Finance,Director of Finance,17,256,13
Finance,Director of Finance,17,2846,13
Finance,Director of Finance,31,7601,13
Finance,Director of Finance,16,1528,13
Finance,Director of Finance - 24314,15,1434,1
Finance,Director of Finance - Managed Communities,20,4580,1
Finance,"Director of Finance - The Langham, New York",24,5924,1
Finance,Director of Finance / Controller,31,4812,1
Finance,Director of Finance And Accounting,21,1916,2
Finance,Director of Finance And Accounting,16,845,2
Finance,"Director of Finance and Data Analytics, Penn Signature Services",26,11792,1
Finance,"Director of Finance, N.A.",18,3535,1
Finance,Director of Finance-Kimpton Armory Hotel Bozeman,19,5121,1
Finance,"Director,  Finance",18,2731,1
Finance,"Director, Commercial Finance",19,3174,1
Finance,"Director, Finance",19,6519,1
Finance,"Director, Global Client Finance",21,8677,1
Finance,"Director, P&T Finance",20,7377,1
Finance,"Director, R&D Finance",19,4195,1
Finance,Director/VP Project Finance,15,1731,1
Finance,Document Review Specialist- Finance,16,2883,1
Finance,Early Careers: Accounting/Finance - Internship Summer 2024 -Philadelphia,18,3663,1
Finance,Equipment Finance Collections Specialist II,14,1661,1
Finance,Equipment Finance Sales Coordinator Sr - HTF,15,3241,1
Finance,Event Finance Manager,14,4710,1
Finance,Finance & Accounting - Staff Accountant,11,4479,1
Finance,Finance & Accounting Leader,20,1266,1
Finance,Finance & Investor Relations Intern (Summer 2024),14,4325,1
Finance,Finance - FP&A Analyst,16,3338,1
Finance,Finance / Project Assistant,15,3202,1
Finance,Finance Accountant (Upstream oil and gas),15,2405,1
Finance,Finance Accounting Associate,16,2895,1
Finance,Finance Accounting Consultant,29,4470,1
Finance,Finance Accounting Manager,17,1802,1
Finance,Finance Administrator,10,858,1
Finance,Finance Analyst,18,4570,3
Finance,Finance Analyst,13,4733,3
Finance,Finance Analyst,14,3139,3
Finance,"Finance Analyst (Job #247) ($77,056 - $85,028)",20,7172,1
Finance,Finance Analyst - Electrolyzers,17,3297,1
Finance,Finance Analyst - External Reporting Team,24,7401,1
Finance,Finance Analyst II,14,1843,1
Finance,Finance Assistant,20,4979,1
Finance,Finance Assistant (Interview ASAP),9,1268,1
Finance,Finance Associate,13,982,2
Finance,Finance Associate,20,4403,2
Finance,Finance Associate (Hybrid),15,4616,1
Finance,Finance Business Partner,14,2455,1
Finance,Finance Business Partner Specialty Care for Intercontinental,16,4155,1
Finance,"Finance Business Partner, MEP",20,6773,1
Finance,Finance Director,19,2056,3
Finance,Finance Director,31,7803,3
Finance,Finance Director,18,3445,3
Finance,Finance Director - Titanium Technologies,19,6395,1
Finance,Finance Intern,16,5498,1
Finance,Finance Leader - Corporate Development,19,4743,1
Finance,Finance Learning Advisor,27,6923,1
Finance,Finance Manager,18,4584,15
Finance,Finance Manager,31,9423,15
Finance,Finance Manager,14,1194,15
Finance,Finance Manager,23,4668,15
Finance,Finance Manager,17,6527,15
Finance,Finance Manager,16,5993,15
Finance,Finance Manager,18,1525,15
Finance,Finance Manager,16,3269,15
Finance,Finance Manager,16,2074,15
Finance,Finance Manager,20,1867,15
Finance,Finance Manager,19,2784,15
Finance,Finance Manager,22,6357,15
Finance,Finance Manager,18,4639,15
Finance,Finance Manager,13,986,15
Finance,Finance Manager,16,1240,15
Finance,Finance Manager (SaaS),15,707,1
Finance,Finance Manager (Top Secret Clearance Required),22,4119,1
Finance,Finance Manager (US),20,13307,1
Finance,Finance Manager BUF Vision MEDCEE,20,5373,1
Finance,"Finance Manager, Ops Finance IPAT",22,5435,1
Finance,"Finance Manager, WW Ops Finance - Trans Support",19,5780,1
Finance,Finance Manager/Director - Receivables & Order to Cash Specialist,11,806,1
Finance,Finance Product Data Owner,21,6461,1
Finance,"Finance Project Coordinator II,",16,6427,1
Finance,Finance Project Leader,14,3260,2
Finance,Finance Project Leader,15,1581,2
Finance,Finance Project Manager,18,3858,2
Finance,Finance Project Manager,9,828,2
Finance,Finance Sales Manager - Remote,21,4786,1
Finance,Finance Senior Director (Firm Client Service),21,6526,1
Finance,Finance Specialist,15,1160,1
Finance,Finance Specialist - 1771249,13,1346,1
Finance,Finance Specialist - Channel & Customer Marketing,13,4329,1
Finance,Finance Supervisor/Manager - Healthcare,22,1840,1
Finance,Finance Support Manager,15,1858,1
Finance,Finance and Accounting Intern,23,5561,1
Finance,Finance and Admin Manager,24,3165,1
Finance,Finance and Building Administrator,20,9907,1
Finance,Finance and Operations Director,23,6955,1
Finance,Finance and Strategy Associate,19,3685,1
Finance,"Financial Analyst, Global Functions Finance",20,4810,1
Finance,"Financial Analyst, Motion Picture Finance",17,4135,1
Finance,"Financial Services Risk Management, Structured Finance - Transactions, Manager",21,7807,1
Finance,Financial Services Senior Associate/Counsel – Aviation Finance,14,1529,1
Finance,Fractional Finance Consultant,10,885,1
Finance,"Fundamental Fixed Income (FFI) - Director, Leveraged Finance Research",16,5739,1
Finance,"Global Investment Research, Regional Banks and Consumer Finance, Associate",14,3947,1
Finance,Head of Corporate Finance (Sr. Director / Director),23,9423,1
Finance,IRNext Rotational Program - Finance,21,5419,1
Finance,IT Finance Operations Manager,20,4783,1
Finance,Intern - Finance and Accounting,12,4604,1
Finance,"Lead Relationship Manager, Project Finance - Power and Renewable Energy",21,7304,1
Finance,Lead Software Engineer - Finance (Hybrid),18,4313,1
Finance,Lufkin Finance Analyst,15,4107,1
Finance,Manager Supply Chain Finance Standardization,20,6904,1
Finance,"Manager, Accounting & Finance | Family Office",21,2408,1
Finance,"Manager, Corporate Finance",17,3572,1
Finance,"Manager, FP&A-Strategic Tech Finance",17,4684,1
Finance,"Manager, Finance",23,7112,1
Finance,"Mintek Resources- Finance, Senior Manager",22,7475,1
Finance,Operations Finance Analyst I,24,4665,1
Finance,Operations Finance Analyst II,23,6847,1
Finance,Oracle Finance  Fusion Lead,18,2020,1
Finance,Oracle Finance Solution Expert (CoE Expert),18,2125,1
Finance,PeopleSoft Finance Techno-Functional Consultant,17,381,1
Finance,Portfolio Analyst-Finance (Indiana: Hybrid/Remote),15,3060,1
Finance,Product Strategist - Embedded Finance,17,5869,1
Finance,Program Finance Intern,9,3794,1
Finance,Project Finance Associate - 1890298,22,2263,1
Finance,"Project Finance Portfolio Management, Director",18,1348,1
Finance,Public Finance - Mid-Level Associate Attorney - DEN,16,3396,1
Finance,Public Finance Operations Administrator,16,3679,1
Finance,Regional & Specialty Banking Finance Manager,22,6044,1
Finance,Regional Finance Process Manager,21,5584,2
Finance,Regional Finance Process Manager,21,5683,2
Finance,Renewable IPP - Project Finance and M&A Associate,15,497,1
Finance,SAP CFIN Consultant - Central Finance,12,324,1
Finance,SAP Product Manager (S/4 HANA - RTR Finance ),25,5021,1
Finance,Sap Finance Control Consultant,23,1284,1
Finance,"Senior Analyst, Strategic Finance",18,6458,1
Finance,Senior Corporate Counsel - U.S. Bancorp Impact Finance,18,7183,1
Finance,Senior Director of Finance,21,8953,1
Finance,Senior Director of Finance or Controller,20,5145,1
Finance,Senior Finance Analyst (US),27,12349,1
Finance,Senior Finance Associate,17,1699,1
Finance,Senior Finance Manager,11,1209,2
Finance,Senior Finance Manager,21,7802,2
Finance,"Senior Finance Manager,  BTS Shared Services",18,4090,1
Finance,"Senior Finance Manager, Reporting Innovation",21,4108,1
Finance,Senior Financial Analyst - MT Supply Chain Procurement Source Finance - CSS,21,5314,1
Finance,"Senior Manager, Digital & Events Finance - CNBC",17,5369,1
Finance,Senior Portfolio Manager Equipment Finance,15,3995,1
Finance,Senior Project Finance Attorney,19,4281,1
Finance,Sr Analyst - Finance Technology,23,5573,1
Finance,"Sr Commercial Finance Director, Diabetes Americas Region",27,6309,1
Finance,"Sr Director, Finance",16,1751,1
Finance,Sr Finance Analyst,17,2893,1
Finance,"Sr Manager Finance (Calhoun, Georgia, United States, 30701)",26,5582,1
Finance,"Sr Manager, Distribution Finance",19,4277,1
Finance,Sr. Director of Accounting and Finance,18,4742,1
Finance,Sr. Finance Analyst,11,684,1
Finance,Sr. Finance Manager,20,6125,2
Finance,Sr. Finance Manager,18,4111,2
Finance,"Sr. Finance Manager, Capital Planning",24,5219,1
Finance,Sr. Finance Systems Specialist,14,4055,1
Finance,"Sr. Manager, IT Business Partner, Finance(Hybrid)",16,4629,1
Finance,Sr. SAP Finance Consultant/Architect,20,2933,1
Finance,Staff Data Engineer - People & Finance Tech (Remote),37,6574,1
Finance,Strategic Finance Analyst,18,7756,1
Finance,Strategic Finance Manager,17,3993,1
Finance,Structured Finance Associate,11,1348,1
Finance,Syndicated & Leveraged Finance Analyst,14,2752,1
Finance,Trade Finance Associate,10,1292,1
Finance,Transactional Finance Specialist,13,3250,1
Finance,Treasury Manager - Finance,19,6147,1
Finance,V.I.E. Sustainable Finance Analyst,10,5252,1
Finance,"VP / Client, Finance & Strategy Data Scientist Lead – JPM Private Client",31,5307,1
Finance,"VP Finance – Healthcare Services – Rapid Growth – Private Equity, 78796",16,1543,1
Finance,"VP Finance – Healthcare Services – Rapid Growth, 78810",12,1081,1
Finance,"VP of Structured Finance, Asset Backed (ABS) Credit",10,565,1
Finance,"VP, Deposit Finance - Expense & Productivity",20,6116,1
Finance,"VP, Finance and Investor Relations",17,2132,1
Finance,"VP, Technology Finance",22,7905,1
Finance,VP/Director of Finance,24,4156,1
Finance,Vice President Finance,19,4133,6
Finance,Vice President Finance,31,5111,6
Finance,Vice President Finance,30,2973,6
Finance,Vice President Finance,20,1416,6
Finance,Vice President Finance,22,5833,6
Finance,Vice President Finance,22,2560,6
Finance,Vice President of Finance,21,2881,2
Finance,Vice President of Finance,23,3507,2
Finance,Vice President of Finance / CFO,22,6170,1
Finance,"Vice President, Finance Change Management",20,5771,1
Finance,"Vice President, Finance Investments",20,4943,1
Finance,"Vice President, Portfolio & Transaction Management - Value Chain Finance",22,8308,1
Finance,Volunteer: Opportunity Alert: Finance Coordinator needed for Cyber Defense & Intelligence Center,15,4050,1
Finance,Workday Finance Technical Lead,40,8868,2
Finance,Workday Finance Technical Lead,27,1642,2
HR,AOC Human Resources Project Manager,26,6957,1
HR,Administrative Assistant - Human Resources,12,4867,1
HR,"Associate Partner, Human Resources , NASC",16,4041,1
HR,Chief Human Resource Officer,37,8956,2
HR,Chief Human Resource Officer,16,1925,2
HR,Chief Human Resources Officer,18,3372,1
HR,"Data Engineer - Enterprise Data and Analytics, Human Resources Stream",16,6374,1
HR,Director of Human Resources,16,2112,5
HR,Director of Human Resources,23,4133,5
HR,Director of Human Resources,20,4910,5
HR,Director of Human Resources,32,8524,5
HR,Director of Human Resources,20,4283,5
HR,"Director, Human Resources",35,6658,2
HR,"Director, Human Resources",41,9592,2
HR,District Human Resources Manager (Pensacola),24,8637,1
HR,"Executive Director of Human Resources, Spaulding Rehabilitation Hospital",26,5867,1
HR,Fixed-Term Appointment: UN Women Human Resources Business Partner,20,11616,1
HR,Human Resource Administrator,15,1841,1
HR,Human Resource Adminstrator,13,3159,1
HR,"Human Resource Business Partner, Mansfield",24,5764,1
HR,Human Resource Coordinator,15,1670,1
HR,Human Resource Generalist,18,5327,3
HR,Human Resource Generalist,27,5060,3
HR,Human Resource Generalist,28,4653,3
HR,Human Resource Lead,19,2236,1
HR,Human Resource Manager,16,3284,2
HR,Human Resource Manager,16,2043,2
HR,Human Resource Specialist,15,5025,1
HR,Human Resources & Administrative Associate,14,1316,1
HR,Human Resources Administrative Assistant,15,1150,1
HR,Human Resources Administrator,20,3176,4
HR,Human Resources Administrator,18,3333,4
HR,Human Resources Administrator,25,4256,4
HR,Human Resources Administrator,12,1348,4
HR,Human Resources Advisor,13,6137,1
HR,Human Resources Analyst,20,3074,1
HR,Human Resources Assistant,17,2418,7
HR,Human Resources Assistant,17,2418,7
HR,Human Resources Assistant,16,6122,7
HR,Human Resources Assistant,12,3182,7
HR,Human Resources Assistant,14,5957,7
HR,Human Resources Assistant,17,3728,7
HR,Human Resources Assistant,11,1554,7
HR,Human Resources Associate,23,1876,1
HR,Human Resources Business Partner,17,2954,15
HR,Human Resources Business Partner,16,3598,15
HR,Human Resources Business Partner,19,1927,15
HR,Human Resources Business Partner,20,4691,15
HR,Human Resources Business Partner,20,2963,15
HR,Human Resources Business Partner,21,5897,15
HR,Human Resources Business Partner,18,1381,15
HR,Human Resources Business Partner,22,7631,15
HR,Human Resources Business Partner,21,5001,15
HR,Human Resources Business Partner,26,5104,15
HR,Human Resources Business Partner,23,8643,15
HR,Human Resources Business Partner,20,6877,15
HR,Human Resources Business Partner,17,6656,15
HR,Human Resources Business Partner,20,6368,15
HR,Human Resources Business Partner,17,4376,15
HR,Human Resources Business Partner (HRBP),22,2684,1
HR,Human Resources Business Partner III International,22,3843,1
HR,Human Resources Co-Op - Summer 2024,19,2364,1
HR,Human Resources Coordinator,16,4976,11
HR,Human Resources Coordinator,16,3854,11
HR,Human Resources Coordinator,14,2242,11
HR,Human Resources Coordinator,17,2127,11
HR,Human Resources Coordinator,23,1845,11
HR,Human Resources Coordinator,20,2193,11
HR,Human Resources Coordinator,14,3725,11
HR,Human Resources Coordinator,14,2078,11
HR,Human Resources Coordinator,19,3634,11
HR,Human Resources Coordinator,19,4258,11
HR,Human Resources Coordinator,20,4267,11
HR,Human Resources Coordinator (Entry Level),16,3056,1
HR,Human Resources Coordinator - A&F Co.,13,4438,1
HR,Human Resources Coordinator - Hilton Fort Lauderdale Beach Resort,20,2415,1
HR,Human Resources Coordinator | Corpus Christi Bayfront,20,7208,1
HR,Human Resources Director,15,1765,7
HR,Human Resources Director,23,3003,7
HR,Human Resources Director,31,8691,7
HR,Human Resources Director,43,8676,7
HR,Human Resources Director,23,4232,7
HR,Human Resources Director,18,2599,7
HR,Human Resources Director,19,1621,7
HR,Human Resources Generalist,21,3913,34
HR,Human Resources Generalist,21,3523,34
HR,Human Resources Generalist,17,2101,34
HR,Human Resources Generalist,21,2557,34
HR,Human Resources Generalist,21,6315,34
HR,Human Resources Generalist,16,5443,34
HR,Human Resources Generalist,12,823,34
HR,Human Resources Generalist,19,5065,34
HR,Human Resources Generalist,15,1992,34
HR,Human Resources Generalist,23,4447,34
HR,Human Resources Generalist,20,3119,34
HR,Human Resources Generalist,16,2650,34
HR,Human Resources Generalist,15,2194,34
HR,Human Resources Generalist,21,3530,34
HR,Human Resources Generalist,23,5368,34
HR,Human Resources Generalist,14,903,34
HR,Human Resources Generalist,21,3153,34
HR,Human Resources Generalist,26,5022,34
HR,Human Resources Generalist,19,2936,34
HR,Human Resources Generalist,25,6078,34
HR,Human Resources Generalist,18,3171,34
HR,Human Resources Generalist,12,2367,34
HR,Human Resources Generalist,20,4810,34
HR,Human Resources Generalist,14,1905,34
HR,Human Resources Generalist,10,1447,34
HR,Human Resources Generalist,10,1916,34
HR,Human Resources Generalist,10,795,34
HR,Human Resources Generalist,14,1240,34
HR,Human Resources Generalist,17,2569,34
HR,Human Resources Generalist,24,7456,34
HR,Human Resources Generalist,12,948,34
HR,Human Resources Generalist,18,4830,34
HR,Human Resources Generalist,21,4605,34
HR,Human Resources Generalist,19,3300,34
HR,Human Resources Generalist (Hybrid Role),20,4776,1
HR,"Human Resources Generalist - Lincoln, NE",25,5977,1
HR,Human Resources Information System Partner III,15,4128,2
HR,Human Resources Information System Partner III,15,4141,2
HR,Human Resources Information System Specialist,22,1148,2
HR,Human Resources Information System Specialist,20,3133,2
HR,Human Resources Intern,16,2119,3
HR,Human Resources Intern,13,2669,3
HR,Human Resources Intern,10,1345,3
HR,Human Resources Lead,28,4104,1
HR,Human Resources Manager,20,5362,29
HR,Human Resources Manager,19,3218,29
HR,Human Resources Manager,19,1440,29
HR,Human Resources Manager,15,1811,29
HR,Human Resources Manager,26,4622,29
HR,Human Resources Manager,20,6548,29
HR,Human Resources Manager,16,2529,29
HR,Human Resources Manager,16,1300,29
HR,Human Resources Manager,13,1806,29
HR,Human Resources Manager,19,2989,29
HR,Human Resources Manager,16,1970,29
HR,Human Resources Manager,35,3754,29
HR,Human Resources Manager,16,1479,29
HR,Human Resources Manager,20,6073,29
HR,Human Resources Manager,10,811,29
HR,Human Resources Manager,21,9571,29
HR,Human Resources Manager,21,3404,29
HR,Human Resources Manager,20,3028,29
HR,Human Resources Manager,19,2789,29
HR,Human Resources Manager,20,4117,29
HR,Human Resources Manager,15,1144,29
HR,Human Resources Manager,23,2695,29
HR,Human Resources Manager,17,2182,29
HR,Human Resources Manager,23,3234,29
HR,Human Resources Manager,18,1126,29
HR,Human Resources Manager,22,4835,29
HR,Human Resources Manager,16,1319,29
HR,Human Resources Manager,18,5428,29
HR,Human Resources Manager,21,4259,29
HR,Human Resources Manager - Bilingual (Spanish),20,2304,1
HR,Human Resources Operations Coordinator,14,2995,1
HR,Human Resources Project Manager,17,1625,2
HR,Human Resources Project Manager,18,1622,2
HR,Human Resources Recruiter,18,2642,1
HR,Human Resources Representative,16,3600,1
HR,Human Resources Solutions Manager,16,7413,1
HR,Human Resources Specialist,15,1854,9
HR,Human Resources Specialist,20,3484,9
HR,Human Resources Specialist,19,3117,9
HR,Human Resources Specialist,15,2903,9
HR,Human Resources Specialist,19,6760,9
HR,Human Resources Specialist,14,1133,9
HR,Human Resources Specialist,19,3904,9
HR,Human Resources Specialist,18,3715,9
HR,Human Resources Specialist,14,1442,9
HR,Human Resources Specialist 1/Trainee 1/2 - HELPS,15,5523,1
HR,Human Resources Summer 2024 Internship,10,3310,1
HR,Human Resources Supervisor (On-site),19,4706,1
HR,Human Resources Support Analyst ISA I-D,18,4486,1
HR,Human Resources Workforce Support Specialist,19,4730,1
HR,Human Resources and General Affairs Manager,20,7308,1
HR,Human Resources/Business Office Manager,26,4300,1
HR,"Intern, Talent Management, Human Resources",14,5458,1
HR,Junior Human Resources Consultant,12,1903,1
HR,"Manager, Human Resources",21,7323,1
HR,Mid-Level Human Resource Support,12,3574,1
HR,Plant Human Resources Manager,21,1609,1
HR,Principal Human Resources Business Partner,25,6261,1
HR,Regional Human Resources Generalist,16,4639,1
HR,"Senior Analyst, Human Resources Technology",16,5720,1
HR,Senior Director Human Resources,26,5539,1
HR,Senior Human Resources Assistant,20,9900,1
HR,Senior Human Resources Business Partner,36,5462,5
HR,Senior Human Resources Business Partner,20,6822,5
HR,Senior Human Resources Business Partner,23,7503,5
HR,Senior Human Resources Business Partner,27,5441,5
HR,Senior Human Resources Business Partner,22,6381,5
HR,Senior Human Resources Clerk,20,7866,1
HR,Senior Human Resources Generalist,18,3091,2
HR,Senior Human Resources Generalist,21,3818,2
HR,"Senior Human Resources Generalist - Oklahoma City, OK",14,3780,1
HR,Senior Human Resources Manager,21,3498,2
HR,Senior Human Resources Manager,18,3029,2
HR,"Senior Human Resources Representative,",18,5264,1
HR,Senior Human Resources Specialist,18,7247,1
HR,Senior Vice President Human Resources,17,1171,1
HR,Sr Human Resource Generalist,27,4385,1
HR,Sr. Area Human Resource Manager,22,3944,1
HR,Sr. Human Resources Specialist for Title IX and Employee Relations,15,4799,1
HR,"Sr. Manager, Human Resources Business Partner (HRBP)",20,6051,1
HR,Strategic Global Human Resource Business Partner,23,7261,1
HR,Supervisory Human Resources Specialist,20,7413,1
HR,Talent Acquisition Specialist (Human Resources Coordinator II),20,4273,1
HR,Temporary Human Resources Business Partner (HRBP),23,7452,1
HR,VP Human Resources-PST Segment,17,4270,1
HR,VP of Human Resources Americas,18,1836,1
HR,Vice President Human Resources,15,4513,4
HR,Vice President Human Resources,25,9179,4
HR,Vice President Human Resources,25,5088,4
HR,Vice President Human Resources,20,1904,4
HR,Vice President of Human Resources (R1881),22,5767,1
HR,[HYBRID] Human Resources Manager,21,2745,1
Information Technology,"2024 Summer - Information Technology (IT) Internship - St. Petersburg, FL",12,6799,1
Information Technology,"2024 Summer Audit Information Technology Intern Detroit, MI",18,1708,1
Information Technology,A/P & Contract Analyst II - Information Technology,17,3965,1
Information Technology,"Adjunct Faculty, Information Technology, Software Design and Programming",23,9877,1
Information Technology,Analyst II - Information Technology,22,3119,1
Information Technology,"Application Analyst I, Day Shift, Information Technology",15,5541,1
Information Technology,Assistant Director of Information Technology,24,2687,1
Information Technology,Audit Director - Information Technology,26,13613,1
Information Technology,"Consultant - Cybersecurity and Information Technology, Health Segment - Campus 2024",20,5254,1
Information Technology,Corporate Information Technology Manager Hotels,26,2481,1
Information Technology,Director Information Technology Services,14,1122,1
Information Technology,Director of Information Technology,20,3779,10
Information Technology,Director of Information Technology,25,2320,10
Information Technology,Director of Information Technology,9,1199,10
Information Technology,Director of Information Technology,12,1084,10
Information Technology,Director of Information Technology,20,4321,10
Information Technology,Director of Information Technology,19,3265,10
Information Technology,Director of Information Technology,23,7217,10
Information Technology,Director of Information Technology,17,3920,10
Information Technology,Director of Information Technology,19,1335,10
Information Technology,Director of Information Technology,16,912,10
Information Technology,"Director, Information Technology",41,6588,1
Information Technology,"Director, Information Technology - Washington DC",23,4935,1
Information Technology,"Director, Information Technology – Washington DC",24,4909,1
Information Technology,Entry-level Information Technology (IT) Role,11,1631,3
Information Technology,Entry-level Information Technology (IT) Role,10,1725,3
Information Technology,Entry-level Information Technology (IT) Role,12,1709,3
Information Technology,"Financial Systems Administrator, Information Technology",23,5542,1
Information Technology,Health Information Technology Specialist - Oncology,17,4549,1
Information Technology,Healthcare Information Technology Consultant,17,1120,1
Information Technology,Hybrid - Data & Analytics Manager (Information Technology Manager 1),21,9242,1
Information Technology,Hybrid - Information Technology Manager 1,18,7802,1
Information Technology,Information Technology - Data Management Specialist,27,4085,1
Information Technology,Information Technology Administrator,17,918,3
Information Technology,Information Technology Administrator,22,2865,3
Information Technology,Information Technology Administrator,23,2820,3
Information Technology,Information Technology Analyst,33,4900,2
Information Technology,Information Technology Analyst,19,3017,2
Information Technology,Information Technology Analyst II,24,5356,1
Information Technology,Information Technology Analyst Principal – Enterprise Data Manager,14,2046,1
Information Technology,Information Technology Application Manager,26,2642,2
Information Technology,Information Technology Application Manager,21,1643,2
Information Technology,Information Technology Asset Manager,33,4035,3
Information Technology,Information Technology Asset Manager,11,907,3
Information Technology,Information Technology Asset Manager,13,1747,3
Information Technology,Information Technology Assistant,17,1836,1
Information Technology,Information Technology Associate,21,2216,1
Information Technology,Information Technology Auditor,26,3372,2
Information Technology,Information Technology Auditor,21,717,2
Information Technology,Information Technology Business Analyst,15,949,3
Information Technology,Information Technology Business Analyst,23,5163,3
Information Technology,Information Technology Business Analyst,19,3872,3
Information Technology,Information Technology Business Consultant,14,1562,3
Information Technology,Information Technology Business Consultant,16,1924,3
Information Technology,Information Technology Business Consultant,14,1082,3
Information Technology,Information Technology Business Partner,18,5868,1
Information Technology,Information Technology Compliance Analyst,15,1868,1
Information Technology,Information Technology Consultant,24,3455,2
Information Technology,Information Technology Consultant,10,593,2
Information Technology,Information Technology Data Analyst II - Professional Development,18,3701,1
Information Technology,Information Technology Desktop Support,22,2380,1
Information Technology,Information Technology Developer,25,4475,1
Information Technology,Information Technology Engineer,30,2357,1
Information Technology,Information Technology Epic Beaker Application Analyst 2,13,1743,1
Information Technology,Information Technology Field Engineer,19,2919,1
Information Technology,Information Technology Field Technician,14,1274,1
Information Technology,Information Technology Financial Analyst,12,1398,1
Information Technology,Information Technology Generalist 1,24,6137,1
Information Technology,Information Technology Help Desk,19,1582,5
Information Technology,Information Technology Help Desk,10,1348,5
Information Technology,Information Technology Help Desk,14,881,5
Information Technology,Information Technology Help Desk,13,2568,5
Information Technology,Information Technology Help Desk,7,383,5
Information Technology,Information Technology Help Desk Manager,10,1557,1
Information Technology,Information Technology Help Desk Technician,8,968,1
Information Technology,Information Technology Infrastructure Engineer,33,3540,1
Information Technology,Information Technology Infrastructure Manager,33,3938,1
Information Technology,Information Technology Intern,11,1721,1
Information Technology,Information Technology Manager,31,2831,10
Information Technology,Information Technology Manager,24,2487,10
Information Technology,Information Technology Manager,14,885,10
Information Technology,Information Technology Manager,20,2363,10
Information Technology,Information Technology Manager,15,1775,10
Information Technology,Information Technology Manager,19,3680,10
Information Technology,Information Technology Manager,17,2663,10
Information Technology,Information Technology Manager,11,862,10
Information Technology,Information Technology Manager,18,2876,10
Information Technology,Information Technology Manager,21,3169,10
Information Technology,Information Technology Manager @ Remote,14,2124,1
Information Technology,Information Technology Manager ServiceNow,29,8540,1
Information Technology,Information Technology Network Administrator,22,1830,2
Information Technology,Information Technology Network Administrator,19,1281,2
Information Technology,Information Technology Network Engineer,16,2981,1
Information Technology,Information Technology Officer,14,3026,1
Information Technology,Information Technology Operations Engineer,17,1524,1
Information Technology,Information Technology Operations Intern - Summer 2024,18,2852,1
Information Technology,Information Technology Operations Manager,20,1943,3
Information Technology,Information Technology Operations Manager,17,1460,3
Information Technology,Information Technology Operations Manager,24,3781,3
Information Technology,Information Technology Operations Project Manager,20,4915,1
Information Technology,Information Technology Procurement Manager,20,4893,1
Information Technology,Information Technology Product Manager (15+ experience in Pharma),13,1016,1
Information Technology,Information Technology Program Manager,11,2196,3
Information Technology,Information Technology Program Manager,18,1714,3
Information Technology,Information Technology Program Manager,20,2590,3
Information Technology,Information Technology Program Manager – I,38,5343,1
Information Technology,Information Technology Programmer,16,1871,1
Information Technology,Information Technology Project Coordinator,12,1436,10
Information Technology,Information Technology Project Coordinator,13,1741,10
Information Technology,Information Technology Project Coordinator,13,2267,10
Information Technology,Information Technology Project Coordinator,20,2821,10
Information Technology,Information Technology Project Coordinator,19,3552,10
Information Technology,Information Technology Project Coordinator,14,2497,10
Information Technology,Information Technology Project Coordinator,16,2457,10
Information Technology,Information Technology Project Coordinator,10,2584,10
Information Technology,Information Technology Project Coordinator,23,2235,10
Information Technology,Information Technology Project Coordinator,18,2837,10
Information Technology,Information Technology Project Manager,18,3382,11
Information Technology,Information Technology Project Manager,15,1886,11
Information Technology,Information Technology Project Manager,15,1367,11
Information Technology,Information Technology Project Manager,18,1725,11
Information Technology,Information Technology Project Manager,20,681,11
Information Technology,Information Technology Project Manager,20,3519,11
Information Technology,Information Technology Project Manager,22,5333,11
Information Technology,Information Technology Project Manager,13,986,11
Information Technology,Information Technology Project Manager,16,2632,11
Information Technology,Information Technology Project Manager,16,1832,11
Information Technology,Information Technology Project Manager,15,1634,11
Information Technology,Information Technology Risk Manager,21,2161,1
Information Technology,Information Technology Security Administrator,17,2616,2
Information Technology,Information Technology Security Administrator,15,1597,2
Information Technology,Information Technology Security Analyst,18,2514,3
Information Technology,Information Technology Security Analyst,15,1418,3
Information Technology,Information Technology Security Analyst,18,2793,3
Information Technology,Information Technology Service Delivery Manager,16,1456,1
Information Technology,Information Technology Service Desk Manager,14,1905,1
Information Technology,Information Technology Solutions Architect,22,3790,1
Information Technology,Information Technology Sourcing Manager,23,4259,3
Information Technology,Information Technology Sourcing Manager,17,2892,3
Information Technology,Information Technology Sourcing Manager,24,3560,3
Information Technology,Information Technology Specialist,11,1315,7
Information Technology,Information Technology Specialist,26,4049,7
Information Technology,Information Technology Specialist,30,1668,7
Information Technology,Information Technology Specialist,8,547,7
Information Technology,Information Technology Specialist,16,2072,7
Information Technology,Information Technology Specialist,18,2633,7
Information Technology,Information Technology Specialist,18,3671,7
Information Technology,Information Technology Specialist (CUSTSPT) with Security Clearance,14,9988,1
Information Technology,Information Technology Specialist (PLCYPLN),17,12596,1
Information Technology,Information Technology Specialist (Policy and Planning) (Direct Hire),14,4081,1
Information Technology,Information Technology Specialist - Data Operations,19,3455,1
Information Technology,Information Technology Specialist 2 (NY HELPs) - 2921,13,4936,1
Information Technology,Information Technology Specialist 2 (NY HELPs) - 5138,10,3899,1
Information Technology,Information Technology Specialist 2 (NY HELPs) - 5680,15,4565,1
Information Technology,Information Technology Specialist 2 Programming (NY HELPs) - 5315,14,4711,1
Information Technology,Information Technology Specialist II,28,2264,1
Information Technology,Information Technology Specialist(Desktop Support),15,1525,1
Information Technology,Information Technology Specialist-Weekend,22,3821,1
Information Technology,Information Technology Support Analyst,24,1799,2
Information Technology,Information Technology Support Analyst,14,2532,2
Information Technology,Information Technology Support Analyst III,16,3968,1
Information Technology,Information Technology Support Engineer,24,2174,2
Information Technology,Information Technology Support Engineer,13,3038,2
Information Technology,Information Technology Support Manager,19,2554,1
Information Technology,Information Technology Support Specialist,18,3791,16
Information Technology,Information Technology Support Specialist,13,695,16
Information Technology,Information Technology Support Specialist,19,3364,16
Information Technology,Information Technology Support Specialist,15,2255,16
Information Technology,Information Technology Support Specialist,19,1092,16
Information Technology,Information Technology Support Specialist,23,1415,16
Information Technology,Information Technology Support Specialist,18,1984,16
Information Technology,Information Technology Support Specialist,16,1449,16
Information Technology,Information Technology Support Specialist,25,2639,16
Information Technology,Information Technology Support Specialist,14,972,16
Information Technology,Information Technology Support Specialist,12,1830,16
Information Technology,Information Technology Support Specialist,24,3838,16
Information Technology,Information Technology Support Specialist,33,8220,16
Information Technology,Information Technology Support Specialist,18,3220,16
Information Technology,Information Technology Support Specialist,20,3027,16
Information Technology,Information Technology Support Specialist,12,626,16
Information Technology,Information Technology Support Specialist (Active TS/SCI /wPoly),14,4002,2
Information Technology,Information Technology Support Specialist (Active TS/SCI /wPoly),19,4033,2
Information Technology,Information Technology Support Technician,23,4041,5
Information Technology,Information Technology Support Technician,11,820,5
Information Technology,Information Technology Support Technician,18,2193,5
Information Technology,Information Technology Support Technician,18,2155,5
Information Technology,Information Technology Support Technician,23,3103,5
Information Technology,Information Technology System Administrator,24,3505,6
Information Technology,Information Technology System Administrator,26,2072,6
Information Technology,Information Technology System Administrator,16,1575,6
Information Technology,Information Technology System Administrator,16,1554,6
Information Technology,Information Technology System Administrator,16,1499,6
Information Technology,Information Technology System Administrator,16,1321,6
Information Technology,Information Technology System Analyst,22,3498,1
Information Technology,Information Technology System Manager,18,4823,1
Information Technology,Information Technology Technical Services Manager,23,3482,1
Information Technology,Information Technology Technician,20,2661,6
Information Technology,Information Technology Technician,10,1417,6
Information Technology,Information Technology Technician,14,1771,6
Information Technology,Information Technology Technician,14,1301,6
Information Technology,Information Technology Technician,16,2600,6
Information Technology,Information Technology Technician,18,717,6
Information Technology,Information Technology Vice President,20,7840,1
Information Technology,Information Technology/Assurance Specialist,29,6987,1
Information Technology,"Instructor, Computer Information Technology",24,9396,1
Information Technology,Lead Information Technology Specialist,15,1586,1
Information Technology,Lead Information Technology Specialist (Systems Administration),15,9330,1
Information Technology,Manager of Information Technology,22,791,1
Information Technology,Mid-Level Information Technology System Administrator,22,6081,1
Information Technology,Portfolio Manager (Lead Information Technology Systems Specialist),21,7221,1
Information Technology,Principal Architect - Information Technology (EUC),19,4820,1
Information Technology,Senior Information Technology Application Analyst,27,6038,1
Information Technology,Senior Information Technology Auditor,25,3727,3
Information Technology,Senior Information Technology Auditor,25,3145,3
Information Technology,Senior Information Technology Auditor,21,2666,3
Information Technology,Senior Information Technology Manager,33,5413,1
Information Technology,Senior Information Technology Program Manager,12,1467,1
Information Technology,Senior Information Technology Project Manager,15,1493,5
Information Technology,Senior Information Technology Project Manager,18,1108,5
Information Technology,Senior Information Technology Project Manager,17,2280,5
Information Technology,Senior Information Technology Project Manager,33,5183,5
Information Technology,Senior Information Technology Project Manager,19,1528,5
Information Technology,Senior Information Technology Project Manager- Financials,20,3293,1
Information Technology,Senior Information Technology Security Analyst,30,4555,1
Information Technology,Senior Information Technology Specialist,25,4731,1
Information Technology,Senior Information Technology System Administrator,19,6111,1
Information Technology,Senior Oracle Database Administrator (Senior Information Technology Systems Specialist),28,6811,1
Information Technology,"Senior Project Manager, Information Technology PMO",27,6106,1
Information Technology,ServiceNow - Information Technology Manager,30,8223,1
Information Technology,"Southeast Regional Manager, Office IT (Support) - Information Technology (IT)",17,2709,1
Information Technology,Sr Information Technology Risk Analyst - IT Services,21,7457,1
Information Technology,"Sr Mgr, IT - Delivery Information Technology,",20,6895,1
Information Technology,Staff Information Technology Program Manager,16,2451,1
Information Technology,Strategic Director Information Technology,20,3941,1
Information Technology,Strategic Sourcing Manager: Cyber Defense & Engineering + Information Technology - USDS,20,7750,2
Information Technology,Strategic Sourcing Manager: Cyber Defense & Engineering + Information Technology - USDS,20,7750,2
Information Technology,"Threat Hunting Analyst /Information Technology Specialist 3 (Information Security), ref 5774M-10BR",28,5810,1
Information Technology,"Threat Hunting Analyst /Information Technology Specialist 3 (Information Security), ref 5776-10AR",24,5757,1
Information Technology,"Tier 1 JSOC Analyst/Information Technology Specialist 3 (Information Security), ref 5774-Tier 1",29,5274,1
Information Technology,Vice President Information Technology,28,4434,1
Sales,Account Director - Leisure Sales (Miami or New York),19,3157,1
Sales,Aftermarket Sales Rep,15,3335,1
Sales,Apparel Sales Outfitter-1,12,3660,1
Sales,Area Sales Manager,17,2644,1
Sales,Area Sales Manager (Chattanooga Market),17,2615,1
Sales,Area Sales Manager - South,20,3908,1
Sales,Art Gallery Sales & Marketing Associate,19,1518,1
Sales,"Associate Director, Sales Development, SMB",16,4461,1
Sales,"Associate, Part Time Sales",13,5704,1
Sales,Bilingual Sales Assistant Manager,12,2390,1
Sales,Branch Sales Specialist (Full Time),14,3757,1
Sales,Business Development Sales Representative,15,1981,1
Sales,Call Center Sales Retention Rep (Bilingual Spanish) - $18 per Hour Plus Commission & Incentives,15,3744,1
Sales,Casual Sales Ambassador - Woodland Hills Mall,15,4446,1
Sales,Client Sales & Intake Coordinator,15,3094,1
Sales,Client Sales Consultant,16,4915,1
Sales,Commercial Sales Manager,21,2223,1
Sales,Counter Sales,12,1059,1
Sales,Counter Sales Representative,10,2665,1
Sales,Dealer Territory Sales Consultant,17,4443,1
Sales,Digital & Visitor Media Sales Executive,18,2852,1
Sales,Director of Sales,15,2418,1
Sales,Director of Sales and Marketing,16,1941,3
Sales,Director of Sales and Marketing,17,1536,3
Sales,Director of Sales and Marketing,30,6116,3
Sales,"Director, Inbound Sales",22,5407,1
Sales,District Sales Manager,12,3137,1
Sales,Enterprise Sales Executive,23,3735,1
Sales,Entry Level Sales -- No Experience Necessary!,9,2771,1
Sales,Entry Level Sales Representative,11,921,1
Sales,Event Sales Specialist,11,1267,1
Sales,Experienced Vacation Ownership Sales Manager - Elite Line,20,4771,1
Sales,FT Deli Bakery Sales Associate,16,3537,1
Sales,"Field Insurance Sales Agent- Pensacola, FL",19,7639,1
Sales,Field Sales Executive – Industrial Printers [3D / 2D],16,2914,1
Sales,Field Sales Representative,16,2368,1
Sales,Fine Jewelry Sales Associate - Full Time - Crabtree,18,3783,1
Sales,Fleet Solutions Sales Manager,16,3526,1
Sales,Food Service Sales Representative,16,1689,1
Sales,Full Time Sales Lead - Pandora at Mall of America,16,5285,1
Sales,H&M Retail Sales Associate,15,4635,1
Sales,Head of Sales,18,4045,1
Sales,"Hershey's Part-Time Territory Sales Associate (Ontario, CA)",16,3385,1
Sales,Home Care Sales Consultant,14,1820,1
Sales,IT Sales Specialist,14,1731,1
Sales,"In House Vacation Sales Concierge (Phones) *$2,000 Sign-on Bonus Potential!",9,1751,1
Sales,Industrial Sales Representative,16,2540,1
Sales,Inside Sales,16,2684,1
Sales,Inside Sales Manager,12,2875,1
Sales,Inside Sales Rep II- REMOTE,15,1741,1
Sales,Inside Sales Representative,11,1368,3
Sales,Inside Sales Representative,16,3309,3
Sales,Inside Sales Representative,13,808,3
Sales,Inside Sales Representative (No cold calls),16,6493,1
Sales,Inside Sales Representative II,18,3274,1
Sales,Inside Sales Specialist,10,2259,2
Sales,Inside Sales Specialist,20,3153,2
Sales,Insurance Sales Agent,10,1840,1
Sales,"Insurance Sales Agent - Bloomington, IL",14,7373,1
Sales,Insurance Sales Producer,10,1279,1
Sales,Insurance Sales Representative,8,1087,1
Sales,Internal Sales - BSC - Welshpool WA,14,2885,1
Sales,Lead Rail Sales Representative,23,5579,1
Sales,Leisure Sales Manager,18,4939,1
Sales,"Major Market Sales Executive, Field – Herndon, VA",20,5007,1
Sales,Manager Business Sales Agency - Hybrid,17,4135,1
Sales,Manager of Customer & Sales Operations,22,4606,1
Sales,"Manager, Sales Development",18,5473,1
Sales,Medical Device Sales Internship- KENTUCKY,20,3644,1
Sales,Mobile Equine Sales Director,14,1723,1
Sales,National Sales Manager,18,3643,1
Sales,National Sales Specialist,15,1866,1
Sales,NetSuite Sales Account Manager - Mountain,20,8175,1
Sales,New Home Sales Consultant,14,1822,1
Sales,On-Premise Sales Consultant - NOVA East,16,6533,1
Sales,Outside Industrial Sales Representative (Field Service),13,2274,1
Sales,Outside Sales Representative,18,3808,3
Sales,Outside Sales Representative,11,1637,3
Sales,Outside Sales Representative,10,617,3
Sales,Outside Sales Representative Trainee,15,4135,1
Sales,PT Sales Associate,19,7512,1
Sales,PT Sales Associate Cashier,14,4790,1
Sales,"PT Sales Associate, San Marcos, TX",15,4373,1
Sales,Part Time Sales Associate- CALVIN KLEIN,16,3986,1
Sales,Part-Time Retail Sales Associate,14,3948,1
Sales,Part-Time Sales Associate - Denver Premium Outlet,15,3126,1
Sales,Part-Time Sales Associate - Famous Footwear,9,3608,1
Sales,"Partner Sales Manager, Startups, AGS - Startup - NAMER - Partner Sales",21,8042,1
Sales,Professional Sales Representative,13,1312,1
Sales,Project Sales Manager,17,3111,1
Sales,Real Estate Sales Agent,16,2790,1
Sales,Regional Sales Director,25,4874,1
Sales,Regional Sales Leader,20,4047,1
Sales,Regional Sales Manager,17,2202,1
Sales,Regional Vice President of Sales,20,2873,1
Sales,Retail Brand Ambassador (Sales Associate)- PT- Medford (702415),12,2670,1
Sales,"Retail Part-Time Sales Advisor - Savage X Fenty (Cross County Center - Yonkers, NY)",11,4127,1
Sales,Retail Sales Associate,14,5606,2
Sales,Retail Sales Associate,13,5414,2
Sales,Retail Sales Associate (Part Time),16,4650,1
Sales,Retail Sales Associate Part Time,14,2915,2
Sales,Retail Sales Associate Part Time,12,2689,2
Sales,Retail Sales Manager,11,3308,1
Sales,Route Sales Professional,16,2982,1
Sales,Route Sales Professional Express Route,17,3014,1
Sales,Route Service Sales Representative (4-Day Workweek) - $24/Hour,12,4306,1
Sales,Sales & Customer Service,13,2514,1
Sales,Sales & Service Rep - Banking - Permanent Hire,13,2982,1
Sales,Sales Academy Associate- Rotational Program (June 2024 Start),20,6910,1
Sales,Sales Account Executive,20,4100,1
Sales,Sales Account Manager,20,2767,3
Sales,Sales Account Manager,12,1495,3
Sales,Sales Account Manager,21,5158,3
Sales,Sales Administrative Assistant,18,3923,1
Sales,Sales Administrator,12,2074,1
Sales,Sales Advisor - Intel Computers,15,3332,1
Sales,Sales Agent,13,4484,1
Sales,Sales And Marketing Representative,10,785,1
Sales,Sales And Marketing Specialist,11,1799,1
Sales,Sales Associate,13,2520,5
Sales,Sales Associate,13,4066,5
Sales,Sales Associate,12,4066,5
Sales,Sales Associate,8,4779,5
Sales,Sales Associate,11,1960,5
Sales,Sales Associate - White House Black Market,14,4254,1
Sales,"Sales Associate / Jewelry Consultant - Kay Jewelers - Westland Mall - Hialeah, FL",13,3345,1
Sales,"Sales Associate / Key Sales / Seasonal Opportunities - Banter by Piercing Pagoda - Los Cerritos Center - Cerritos, CA",18,3242,1
Sales,Sales Associate Sunglass Hut,11,3566,1
Sales,Sales Associate Target Optical,18,4211,1
Sales,Sales Associate/ Business Development Representative [73651],13,1583,1
Sales,Sales Consultant,10,3011,3
Sales,Sales Consultant,14,1006,3
Sales,Sales Consultant,16,2053,3
Sales,Sales Coordinator,16,3396,1
Sales,"Sales Coordinator - Westminster, CO",19,6027,1
Sales,"Sales Development Rep - DeForest, WI",15,2925,1
Sales,Sales Development Representative,16,4315,1
Sales,Sales Development Representative - US,15,4788,1
Sales,Sales Development Trainee,18,4540,1
Sales,Sales Director,17,2422,2
Sales,Sales Director,16,3945,2
Sales,Sales Director - SAP Projects,20,2978,1
Sales,"Sales Director, Overland Park, KC",13,3283,1
Sales,Sales District Manager,6,247,1
Sales,Sales Enablement & Training Manager,17,5531,1
Sales,Sales Engineer,19,3435,2
Sales,Sales Engineer,20,4775,2
Sales,Sales Executive,12,734,3
Sales,Sales Executive,10,1659,3
Sales,Sales Executive,8,708,3
Sales,Sales Executive (Freight Forwarding),17,3482,1
Sales,Sales Executive [28224],11,1467,1
Sales,Sales Lead,14,1851,1
Sales,Sales Lead - White House Black Market,20,4779,1
Sales,Sales Manager,20,5824,8
Sales,Sales Manager,11,1376,8
Sales,Sales Manager,20,3378,8
Sales,Sales Manager,20,3390,8
Sales,Sales Manager,20,3389,8
Sales,Sales Manager,21,3390,8
Sales,Sales Manager,19,2006,8
Sales,Sales Manager,17,2288,8
Sales,Sales Manager (Part Time) - 24H210,10,5379,1
Sales,Sales Manager - US - Packaging Machinery,16,2418,1
Sales,Sales Operations Manager,16,5329,2
Sales,Sales Operations Manager,15,2441,2
Sales,"Sales Operations Senior Manager, Incentive Compensation Lead",17,5397,1
Sales,Sales Proposal Manager,16,4572,1
Sales,Sales Representative,14,6488,4
Sales,Sales Representative,17,5928,4
Sales,Sales Representative,17,5767,4
Sales,Sales Representative,14,2700,4
Sales,Sales Representative I - Boston,17,4006,1
Sales,Sales Specialist,15,6179,1
Sales,"Sales Specialist, Miami",16,7315,1
Sales,Sales Specialist: Diamond and Fine Jewelry (Mandatory Experience in Gemology and Diamond Industry Sales),13,1719,1
Sales,Sales Supervisor - Full Time,11,2350,1
Sales,"Sales and Business Development Manager, Minerals and Nutrients - Singapore",16,3031,1
Sales,Sales and Operations Management Trainee,14,3954,1
Sales,Sales and Service Route Class B Driver *5K SIGN ON BONUS*,12,3403,1
Sales,Salesforce Architect - Omnistudio,21,3683,1
Sales,Salesforce Developer,22,592,3
Sales,Salesforce Developer,24,2463,3
Sales,Salesforce Developer,22,1866,3
Sales,Salesforce Marketing Cloud Administrator,23,4428,1
Sales,Salesforce Technical Lead/ Architect,22,2375,1
Sales,Salesforce Vlocity/OmniStudio Developer,8,353,1
Sales,Salesperson,12,1353,8
Sales,Salesperson,14,834,8
Sales,Salesperson,16,4361,8
Sales,Salesperson,16,4118,8
Sales,Salesperson,16,4118,8
Sales,Salesperson,17,4247,8
Sales,Salesperson,17,2804,8
Sales,Salesperson,17,2714,8
Sales,Seasonal Golf Club Fitter / Retail Sales Associate,14,3529,1
Sales,Seasonal Sales Associate,16,3866,5
Sales,Seasonal Sales Associate,16,3618,5
Sales,Seasonal Sales Associate,16,3630,5
Sales,Seasonal Sales Associate,16,3632,5
Sales,Seasonal Sales Associate,16,3621,5
Sales,Seasonal Sales Associate - Deptford Mall,12,4353,1
Sales,Seasonal Sales Associate - Glendale Galleria,12,4376,1
Sales,"Senior Manager, Strategic Sales",20,6315,1
Sales,Senior Retail Sales Associate,11,2138,1
Sales,Senior Sales Specialist,10,1768,1
Sales,Senior Salesforce Developer,30,7354,1
Sales,"Service Sales Representative - East Hartford, CT",17,5019,1
Sales,Sleep Expert - Sales,18,7270,2
Sales,Sleep Expert - Sales,17,7270,2
Sales,Software Sales Engineer,28,5061,1
Sales,Sr. Channel Sales Engineer,24,3692,1
Sales,"Sr. Sales Manager, Aftermarket Programs",16,4559,1
Sales,"Sr. Specialist- Sales Enablement, Offers Commercialization",18,7043,1
Sales,Staffing Sales/Full Desk Recruiter,13,1979,1
Sales,Store Sales Manager,20,5297,1
Sales,"Supervisor, Outside Sales",21,4904,1
Sales,Technical Sales Engineer,15,2440,1
Sales,Technical Sales Representative,16,6966,1
Sales,Technical Sales Representative - Polydyne,18,2902,1
Sales,Technical Sales and Proposal Engineer,15,2620,1
Sales,Technology Sales Representative,21,4843,1
Sales,Territory Sales Executive,11,740,1
Sales,"Territory Sales Executive - Orlando, FL",21,4704,1
Sales,Territory Sales Manager,14,1895,4
Sales,Territory Sales Manager,15,2122,4
Sales,Territory Sales Manager,5,327,4
Sales,Territory Sales Manager,19,4620,4
Sales,Territory Service and Sales Representative,18,8196,2
Sales,Territory Service and Sales Representative,18,8185,2
Sales,Tire Sales & Installation Associate Part Time,19,5464,1
Sales,Wireless Sales Pro,12,2813,1
